"","pearson.ecor","pearson.ep","pearson.eBH","spearman.erho","spearman.ep","spearman.eBH","kendall.etau","kendall.ep","kendall.eBH"
"ASV 1",0.266741105911518,0.000627054069686108,0.00585515877601621,0.240079503278667,0.00156322447827876,0.0138506955708836,0.1604180132306,0.0018686501484914,0.0160975822662413
"ASV 2",-0.244938017442577,0.000935254458455006,0.00927322347854582,0.0596213954865289,0.422389970614967,0.638325577364302,0.0512582993258596,0.303005653346267,0.523789997250437
"ASV 3",0.0595916258796193,0.439960309603954,0.619230657616625,0.0888246815059619,0.23625670822952,0.447885000092579,0.0545862834043838,0.277931377024967,0.495387300939357
"ASV 4",-0.0475857776064448,0.533144265673219,0.699774315162799,0.0666791534646949,0.368775164491898,0.589490022836498,0.0453450454086805,0.361278382805022,0.580639748533835
"ASV 5",0.204817713571314,0.00630686200524474,0.0349596025494154,0.213364759256098,0.0036778722667726,0.0252967355151592,0.143118004409714,0.00398304056119421,0.0274527791722723
"ASV 7",-0.204717970179839,0.00721429275131217,0.037428369149098,-0.141529163817803,0.055673949763002,0.17499779530398,-0.096374746655767,0.0525349158238813,0.170081532086663
"ASV 8",-0.140422886099172,0.0681454194311948,0.18192494898819,0.0852009336506168,0.250927139743182,0.468073340353906,0.0558431138053492,0.261540408458441,0.481858551938765
"ASV 9",-0.247027341263604,0.00127149989730689,0.0104912480898573,-0.239681378315092,0.00136269602668182,0.013318979016028,-0.165221327078555,0.00116154249437754,0.0125133876278986
"ASV 10",0.259155216914865,0.000388755005591716,0.00519832363122213,0.236791979451137,0.0012265801026016,0.013398112376355,0.1614701152317,0.00115507531803667,0.0135022820545839
"ASV 11",0.0419485527360433,0.57468126410183,0.73912175164174,0.0800651697434653,0.280237054422077,0.499935438174729,0.0493569875943772,0.320341958406275,0.542148822245071
"ASV 12",-0.137187322389075,0.0712129587712575,0.189179613067444,-0.00363002605095851,0.932038673481863,0.965102218796268,0.00294974147428916,0.927944131174983,0.962261370941412
"ASV 13",0.225019244374862,0.00305349439959717,0.0203335532912636,0.244270872572083,0.00089524476882544,0.0111464520149437,0.15745725498143,0.00164499957385226,0.0158437743337153
"ASV 14",0.139962260682124,0.069089487538943,0.182070287555581,0.228440757702424,0.00182934074808751,0.0164774530873136,0.15275584630112,0.00209662566398316,0.018557612678482
"ASV 15",-0.110294882555891,0.153324248536798,0.31224533677864,-0.00952713222922486,0.895043178956953,0.946893898281679,-0.00932110961358789,0.850654574956567,0.921828508454541
"ASV 16",0.0647800599361799,0.413930241878959,0.575057279746946,0.0525799548941318,0.455440027349789,0.626060349334836,0.0373220791018604,0.437556671998328,0.607672971641329
"ASV 17",0.00436534636412437,0.779971249221209,0.872354658351947,-0.0110526004996982,0.846618596936375,0.919319903543109,-0.0125315814267187,0.792288542009831,0.886237911999584
"ASV 18",0.302617430552282,5.82808221099087e-05,0.00112710142411661,0.242542695580035,0.0017231732088672,0.0142719351723102,0.161653728146377,0.00230551057944001,0.0176577929396255
"ASV 19",0.0557684429568077,0.47543087257132,0.644375671577573,0.0206317425451781,0.722395092599588,0.843498180560585,0.0116557478237084,0.735647358356987,0.847723835515138
"ASV 20",-0.0192665880016524,0.717415492599993,0.82339912450298,0.0207311349698362,0.714502970320454,0.837281838045355,0.0109304768107335,0.736425044136794,0.848365374700976
"ASV 21",0.0586611517175379,0.444843668770812,0.625576791907776,0.134776808961393,0.0688702087252781,0.201441900579086,0.0896132010727792,0.0716832166797178,0.208257676670992
"ASV 22",-0.00458133702182231,0.631202774109034,0.759946961202348,0.0321548079251239,0.530053865811052,0.689805739960247,0.0231636872511017,0.517037245843568,0.67446828497055
"ASV 23",-0.156230178489722,0.0432867061413304,0.131009324704132,-0.123354113272404,0.0955125387393937,0.24954282201585,-0.0894571300953036,0.0717937805004201,0.20959626616361
"ASV 24",-0.207414735126971,0.00763719145755822,0.0379079625289206,-0.235320275634136,0.00220233766460026,0.016964035931113,-0.161427884261324,0.00197112104583864,0.0163589528630594
"ASV 25",-0.22939528536003,0.00265962182179093,0.0180365968624207,0.034388646191224,0.643465869164487,0.804773947205721,0.0417425600227139,0.401299867099104,0.617054243045996
"ASV 26",-0.11593181616801,0.136642139840502,0.288430237178785,0.0394234259142163,0.59558458343286,0.773943791425091,0.030625716103583,0.537965999448934,0.727516826310938
"ASV 27",-0.133603507977753,0.107180452693658,0.231548109678112,-0.0573092056353148,0.475906559059893,0.633472806345221,-0.0351012808988397,0.501057800041965,0.65444831975926
"ASV 28",-0.263800636371519,0.00104218681418043,0.00812791697235326,-0.216893786315832,0.00787430188503904,0.0368239185428408,-0.150892175217147,0.00608252865023228,0.031572993295345
"ASV 29",0.00812106342153984,0.762571607483265,0.859935329626174,0.0495700783447794,0.50551181557791,0.707755077520259,0.0350186550872349,0.481777228145066,0.684339514948185
"ASV 30",0.335461822092724,1.26126726675739e-05,0.000268308280524587,0.364104391408342,3.93783101643365e-07,4.1420906522784e-05,0.24534633078539,7.93677961497076e-07,0.000110308103859022
"ASV 31",-0.125768632153452,0.102375783851412,0.239986961966332,-0.0376575649414227,0.612373549132022,0.784827329831303,-0.0268928655481956,0.588598873420335,0.764712802316283
"ASV 32",0.00173430625724519,0.839195211412883,0.91078091707724,0.0733261190350709,0.323128864909484,0.54365413556238,0.051822909038492,0.296827855367051,0.518776040164244
"ASV 33",-0.113000006951792,0.157881875154826,0.309477893405835,-0.0508626018666909,0.521866847475973,0.686190057377687,-0.0300656967138176,0.559881411090435,0.715849684844092
"ASV 34",-0.068364389982255,0.395127063222289,0.564861540875701,-0.0138072106498114,0.714103465310313,0.838103949602203,-0.0109818884268431,0.707303424826043,0.830586855181275
"ASV 36",-0.0261086157263481,0.60854128663156,0.738460780724677,0.0231156943518535,0.609487617682594,0.753885068799421,0.0152453803056476,0.608536279746313,0.750381624070789
"ASV 37",0.0639863748642566,0.412009520356323,0.590625492067356,0.143857759897177,0.0543093151608104,0.169680021289555,0.100625385630544,0.0450108474140144,0.150627240811964
"ASV 38",-0.2211198102542,0.00504174299572361,0.0269800673947991,-0.119947622080119,0.107834617582526,0.268649180613046,-0.084908120134176,0.0899643999363036,0.240123901871339
"ASV 40",-0.0732084832201663,0.371108948993055,0.534508683801776,-0.00578084110289719,0.627159630990001,0.767623988799164,-0.00463530803102583,0.625788211522719,0.764876033285275
"ASV 41",-0.135036626386287,0.0815330471014236,0.204084402116984,-0.0129063784216773,0.860958382052838,0.92942721118539,-0.0164517171550768,0.740805646429673,0.861131098168991
"ASV 42",0.461396883021811,1.73091215874226e-09,1.92510331876576e-07,0.373865697372534,2.73433345676573e-06,0.00014717130667729,0.249798025901739,8.31894312893058e-06,0.000345421763754537
"ASV 43",-0.0161068534024475,0.726082020812522,0.835269183185076,-0.0457803358858396,0.544471149394624,0.728821865842859,-0.0355832647998673,0.483171888290596,0.67693494115382
"ASV 44",-0.0302043311150469,0.59992196036544,0.733957132858666,0.0472641370750485,0.491912026918916,0.65084941958606,0.0315685684204504,0.494248469147996,0.65037351623897
"ASV 45",-0.00271954806032789,0.664378760223595,0.785007466485504,0.0383380606369498,0.507775297367818,0.675657193852332,0.0252926789967838,0.509692746074297,0.675533206473325
"ASV 46",0.0950675282672902,0.254278915955019,0.413315821405269,0.129291650141997,0.154617919247613,0.281005648317542,0.0862907253816953,0.156164146675632,0.284554040281019
"ASV 47",0.231584085191934,0.00736666552721554,0.0290123376082829,0.187931714790834,0.0332933610359768,0.0949689859183759,0.128105812505707,0.03209546695672,0.0932986761920141
"ASV 48",0.0990959570081263,0.219330868380944,0.383075211439564,0.126956553761032,0.110358066721146,0.255763852616415,0.0872234789882555,0.101329423861848,0.243309258027306
"ASV 49",-0.0488855198461647,0.522824388195287,0.674206500306613,0.000920392361165507,0.672303689628682,0.801098222359429,0.0024365433777664,0.672946918414659,0.800062121353537
"ASV 50",0.00435484282632338,0.768047398469743,0.86177576570523,0.0204756612716852,0.757989635419114,0.868451458784405,0.0180996430643047,0.706762434769784,0.83234628678522
"ASV 51",-0.265883974680442,0.000851220289001092,0.0071237663112433,-0.206257871435844,0.00539482666709453,0.0322913895125807,-0.135540299420986,0.00693346614282763,0.0396819112677819
"ASV 52",0.0302157879523089,0.657161043609416,0.78684963886576,0.035219596475496,0.634936476449343,0.792599225610889,0.028399409513122,0.573880858489346,0.745129090927095
"ASV 54",-0.270760326388824,0.000590702916679942,0.00554999113953052,-0.127828852774669,0.08641743892026,0.233165030981932,-0.0831748142196233,0.0969083609968719,0.252567526428002
"ASV 55",0.0872857229752016,0.275207709676387,0.448625875759691,0.0953582471680706,0.214016438994097,0.409773394815282,0.0646629601618683,0.209443605099837,0.404859589509389
"ASV 56",-0.0749925043868427,0.36492456499678,0.526340405825094,-0.067367185956371,0.395760493909269,0.574056551579371,-0.0477393578160711,0.37190924792662,0.552556146455619
"ASV 58",0.0345949949498731,0.582578172537723,0.722795261252014,0.0715302367377344,0.38608084415493,0.560823600825312,0.0479477584742297,0.386281990602607,0.560705070065676
"ASV 59",0.071174945611992,0.350704887734936,0.542670846863742,0.222669133997568,0.00248013579387331,0.0197583481538341,0.160782484866234,0.00125849097066671,0.0139471754413444
"ASV 60",0.00818268729662277,0.711050096553629,0.819948625037264,0.0586605798375695,0.480003033398546,0.637350688652095,0.0394483166538223,0.477698092535934,0.63362135254297
"ASV 61",-0.0822947356861504,0.299447031445812,0.478535523570038,-0.0211132016712817,0.775836166055313,0.880207855493772,-0.016651855232075,0.737604746142303,0.855084233064987
"ASV 62",0.165963805679399,0.0334330885523198,0.107876964286216,0.221166683309833,0.00294906278696441,0.0214236556135385,0.153590366998328,0.0022720816498794,0.0189055058430763
"ASV 63",-0.114461988539735,0.177293761770443,0.31848779072707,-0.073433151905334,0.375705324474691,0.551490131780294,-0.0475897132906092,0.38949283768826,0.563623291378939
"ASV 64",-0.0802339758841221,0.320147805259174,0.494327424007714,-0.0946467232675722,0.220032269551182,0.415535417416886,-0.0629507697325035,0.227932183532901,0.421793046928179
"ASV 65",-0.0216212460972551,0.727364957507035,0.835158661138441,0.0937138781646357,0.207302193898244,0.416095865343834,0.0626900393936619,0.208142848735995,0.418309700889994
"ASV 66",-0.138154646786804,0.090586005157723,0.206380625656649,-0.083963085216683,0.268648657750106,0.478113461380369,-0.0592977907950007,0.242252452602986,0.450671307831991
"ASV 67",0.0498128591090706,0.519970409715735,0.667616575558979,0.0147769623625743,0.678279711502388,0.804372289520557,0.00994998384635729,0.661467077386683,0.788468548198312
"ASV 69",0.330498734464172,4.09221134386908e-05,0.000642857867750221,0.274485029524134,0.000796973965156182,0.0074099020791822,0.187216318127737,0.000788932092696288,0.00771471387328624
"ASV 70",-0.0538457479084399,0.478994965125402,0.618143814812326,0.0253213991942142,0.567658584389136,0.706716957186238,0.0152527248222347,0.573141298382072,0.708904860791069
"ASV 71",0.102469503282825,0.192768237445927,0.359656751549532,0.241895582412835,0.00108499382426867,0.0120724736833193,0.160039770626365,0.00141455278609902,0.0145612801865701
"ASV 72",-0.220125556440459,0.00557552584498155,0.0287573164205123,-0.131128481377939,0.0812072776637291,0.221259474584321,-0.0798835527240346,0.114254036073178,0.278436312661162
"ASV 73",0.00920657335068809,0.679704777792132,0.798795969387221,0.0143953916978105,0.617048280262684,0.762482374921614,0.00997660771898548,0.612345139292884,0.755972507626356
"ASV 75",-0.123392815212491,0.120941317683992,0.259835994798466,0.0237182382530248,0.750296355408323,0.867093098093479,0.013764542148776,0.780940139446037,0.881385437463272
"ASV 76",0.142726368174089,0.065457697302348,0.173772499667407,0.174400692923285,0.0202078706197637,0.0830411427042021,0.107959803507325,0.0336900055156597,0.121464982526906
"ASV 77",-0.252629704264206,0.00175514983631859,0.0121562121335258,-0.293467487120255,0.000213264527044028,0.00352188878749145,-0.189815358934992,0.000520539093278013,0.00622191957024819
"ASV 80",-0.0944558176354935,0.247126184985892,0.413886697276479,-0.0815488672832183,0.305993835043537,0.500896753143177,-0.0510104218910454,0.338686091185854,0.534237313238054
"ASV 81",0.0656558778918161,0.411304362860489,0.567949817208,0.0682978840348642,0.416654054585503,0.570272862841272,0.0466845016212506,0.41134981012202,0.562692328415515
"ASV 82",-0.154717588877763,0.0476731035897113,0.138452860127101,-0.0914122383473238,0.219066995599751,0.429421232774084,-0.06591336411082,0.186237536551887,0.388946155030938
"ASV 83",0.15654599964147,0.0564325114916786,0.146960494733609,0.140317671959794,0.0933545044568262,0.214516423320776,0.0941585387756132,0.096054133375542,0.218814792787794
"ASV 84",0.203300000132379,0.0105257616285358,0.0456532174764296,0.14191371810619,0.0765971481096413,0.196715302073799,0.0965106202126281,0.075680919492793,0.19493119310819
"ASV 85",-0.221307482307015,0.0101035935009212,0.0392481920984302,-0.186274152692372,0.0320437679125869,0.0955812090943239,-0.123305252851471,0.0350633372217001,0.103668469939206
"ASV 88",0.179753324172407,0.0257279822196839,0.0846681721972704,0.236234419413818,0.0024603601318713,0.0176152602796834,0.15891881378226,0.00258492989776324,0.0189384994375428
"ASV 89",-0.334640403102839,3.01073045788414e-05,0.000544776950782057,-0.331637109987865,1.32922811153013e-05,0.00054923889348122,-0.213968719796204,4.60903765568007e-05,0.0014234247949659
"ASV 90",-0.142876506853279,0.0791257388792702,0.189363988328206,-0.12084954262754,0.123418470030009,0.280488139892585,-0.083704537478467,0.110842686230575,0.263386979957096
"ASV 91",0.194140155066463,0.0159441552210411,0.0607259563318289,0.149810592465045,0.0596060721568184,0.165847766212105,0.0994438365245963,0.0639805650639101,0.175443620525458
"ASV 92",0.0148628974444435,0.658810093111262,0.776948387944911,0.00575318890877444,0.649987670370178,0.784063991877386,0.00565344164291088,0.638533336988053,0.771630541973538
"ASV 93",-0.157426441993904,0.0541139232015867,0.143441138723224,-0.176962848244423,0.0185764469807139,0.0780014422740876,-0.112853087683472,0.0268363811694676,0.102858724868114
"ASV 94",-0.0678020900816168,0.398151697541135,0.570244652912778,0.0212835643590886,0.769813638491672,0.878596898577703,0.0156575912990979,0.75098608190348,0.864189278320948
"ASV 95",-0.178269331615166,0.025476691753698,0.0864118213007975,-0.136329877601261,0.0678058073482873,0.197333198250426,-0.0914043450554552,0.0686406684056651,0.200007251326151
"ASV 96",0.0259762662637349,0.695782708690157,0.813765122282677,-0.00566211805471712,0.847184576059869,0.919947272864783,-0.00552674873178362,0.822280111819529,0.903170987229866
"ASV 97",0.0164789998915309,0.666550832691305,0.789599012402944,0.00342183131175473,0.79554025736732,0.889827564286272,0.00292219953708758,0.792835414635681,0.886140302286557
"ASV 98",-0.208359147134829,0.0119100262732733,0.0466715838059668,-0.149017977672384,0.0703162338783598,0.179830920668361,-0.105415846574472,0.0549090293797959,0.153753693839351
"ASV 99",-0.0679833062122895,0.405389198815391,0.569856171804214,-0.0183551858961896,0.659013641072415,0.800296013808364,-0.0138416595729405,0.660564594938649,0.79794127632992
"ASV 100",-0.0813059578089242,0.307459238857976,0.483223221586105,0.0396927590253252,0.594153624434414,0.771521877627176,0.0349066512092819,0.483656025191011,0.685751570088618
"ASV 101",0.0902671633589924,0.285115185984031,0.438597158431377,0.0605587493407963,0.441570246592172,0.615232420196505,0.0419032213230564,0.428768664683581,0.600208891640006
"ASV 104",0.0953747315585398,0.224630539964936,0.39668465093573,0.0773337770714697,0.314801568944913,0.52383104986575,0.0512004612577363,0.321839640821896,0.529011659169406
"ASV 105",0.198735215146578,0.0118990118824679,0.0499209326806535,0.270545165635415,0.000274909060596211,0.00532567731391161,0.188139891088563,0.000198925637893516,0.00465758460160339
"ASV 106",-0.103031377563705,0.218946256849762,0.371766738716005,-0.085200830001161,0.31847103312345,0.488769800813995,-0.0551086621466404,0.33524095072317,0.503976703337179
"ASV 107",0.191718897435896,0.0231046931469133,0.071665148468046,0.185770046160158,0.0299469606710331,0.0895436976054329,0.125762911714426,0.0300117992805831,0.0903874583582955
"ASV 108",-0.074654682275551,0.3601574747023,0.519783412388195,-0.0274943582120488,0.599872164264564,0.74757531128441,-0.0201046960925796,0.590417504697753,0.739286762876637
"ASV 109",0.0109737349819087,0.59371160109946,0.729759314307304,0.0884498998805584,0.311734930031845,0.460965627764105,0.0563306060938172,0.328953634936978,0.481369840625778
"ASV 110",-0.220571725018983,0.00723021031634805,0.0328583153003815,-0.23470047409856,0.00198695765651157,0.0162437361319979,-0.157556405955356,0.00216184916621663,0.0177647272141386
"ASV 111",-0.104401471083748,0.203594870816757,0.358435908537106,-0.0324983688537094,0.628384921216986,0.773351744072723,-0.0197953083313486,0.654556481190014,0.791200675284067
"ASV 112",0.0336918203925198,0.597495538660251,0.740545015493669,0.212967774436538,0.00403122363738638,0.026639643766396,0.146807705930153,0.00342283645232717,0.0248606506263166
"ASV 113",0.18093665885963,0.0267936649983598,0.0858094460775392,0.239783421204408,0.00218937223562469,0.0161554948420049,0.161093708756612,0.00228004656379473,0.0174372126798063
"ASV 115",-0.263983482364999,0.000772331395040033,0.00703207502666174,-0.236649505870495,0.0016045498486545,0.0145669093036187,-0.156131569737461,0.00221894686172148,0.0182286417760273
"ASV 117",0.0799032869563677,0.326031143324966,0.49097494100701,0.0485860082000397,0.512465292481642,0.678868609095729,0.0327510355909716,0.507192057022519,0.671109173519814
"ASV 118",0.0374291336376295,0.593967155479496,0.735024242178908,0.0345488956535498,0.631371210166786,0.784210224694809,0.019779701233601,0.662733264660175,0.802744851590332
"ASV 121",-0.436645507898289,6.14232406612721e-08,4.09852489731813e-06,-0.37643584850884,2.08438890234227e-07,2.70858601807e-05,-0.23476104625425,3.45768717369449e-06,0.000275082102429786
"ASV 122",-0.117957668235239,0.14372915709218,0.288982522526459,-0.0605932498025398,0.425965039417165,0.63253089232354,-0.0375837275052754,0.460669290948437,0.657919915465622
"ASV 123",-0.138410717759746,0.103116237021795,0.215322880013972,-0.10330377754293,0.219462195252113,0.386024407735721,-0.0712216134741378,0.205016435267909,0.371331328697839
"ASV 124",-0.140812798592327,0.104510116801598,0.213531742448573,-0.0820233448781151,0.329907903342716,0.499891744797157,-0.0524554555295549,0.345853767638733,0.517922715219885
"ASV 126",-0.029161087491689,0.639144164635517,0.769087446425764,-0.0490423471401571,0.520926542102155,0.706035928185554,-0.0331265240014864,0.518335224615,0.700379677059338
"ASV 127",-0.22558885121847,0.0064908939568054,0.0295709495935242,-0.22574564974352,0.00383854188497119,0.0240571928371077,-0.142909603751556,0.00647674372458761,0.0360710688629452
"ASV 130",0.0503890902372459,0.507996381523156,0.656448158374591,0.027473398811363,0.621965364619234,0.763904170221873,0.02098328388931,0.602664830613785,0.745799870898027
"ASV 131",0.0696116381171203,0.37679663135107,0.55184336572373,0.0947960006946397,0.211713232069552,0.412201223267551,0.0636218749356486,0.211861453952267,0.412897961897702
"ASV 132",-0.0356268260591132,0.574635497486302,0.711860688537554,0.0227811731365275,0.617352690830583,0.761007716575901,0.0110287097200858,0.647821744924284,0.78032650294742
"ASV 133",0.00986113287371755,0.715437816641981,0.825521821319609,0.00303593698397412,0.792332882023009,0.888788945223774,0.0024034930531245,0.790477771202127,0.885316007316012
"ASV 134",-0.0897625623992326,0.274586517844543,0.435091461788987,-0.0445973920493928,0.501641975542085,0.664686361618237,-0.0307882135330723,0.493032401874799,0.654632559444562
"ASV 135",-0.0822768743339183,0.319338220526578,0.482910572110744,-0.00472828828194979,0.707474246981376,0.831070385092177,-0.00539179323949588,0.715126493673397,0.833975566312265
"ASV 136",0.0727544288647583,0.360814520496922,0.510458216717798,0.0967551679026529,0.28561778513424,0.43210833197569,0.0650008079248744,0.282926674706215,0.430135835913081
"ASV 138",-0.169575806182163,0.0422206108146093,0.117005725946894,-0.100537203284195,0.222253911811154,0.393482550007889,-0.0666009944762861,0.22600790111405,0.40102138870599
"ASV 139",-0.163342828268577,0.0478877273936607,0.128588268815268,-0.125909412922389,0.106025620348927,0.254276489879418,-0.0802682217802833,0.12615711002174,0.286563158575275
"ASV 141",0.00206574600374017,0.72020762612925,0.828096433486782,0.0484194731385678,0.520573063132497,0.690097638873612,0.029043890843639,0.55509507931748,0.71676535507951
"ASV 142",-0.355370160784155,2.16755407044766e-05,0.000326312481477416,-0.218706400596761,0.00327440163650094,0.0230649650273881,-0.132308712122668,0.00877197508196555,0.0462488337551507
"ASV 143",-0.0635787277569509,0.430597924110899,0.597325159396278,-0.00402517479444285,0.848159070712855,0.92074079130595,-0.00783568113384937,0.832617370492006,0.908477770293457
"ASV 144",-0.254911622905509,0.0014864023178406,0.0104792090576056,-0.273890437016935,0.000223049515685314,0.00476690839207174,-0.185561047701922,0.000241069000938479,0.0052209781373569
"ASV 145",0.0367166615297581,0.609245866799351,0.744990042938852,0.0822607983780078,0.302032558898538,0.494002513358373,0.0542934208054737,0.309902379039946,0.502420172777837
"ASV 146",-0.0586193301560457,0.473683256421447,0.611775152055928,0.0529712834148137,0.432841093004328,0.593257943052141,0.0325830297740419,0.454690276786278,0.614759964328257
"ASV 151",0.0838289401343134,0.324723672258166,0.471536143729169,0.0940429651870605,0.267527460317415,0.434792538353232,0.0635190517034294,0.263898166294933,0.43131714344394
"ASV 153",-0.0636898011516124,0.435694009418222,0.58619672251485,0.0665397449465338,0.39442526635308,0.553061372964134,0.0398779708741669,0.425285315210382,0.584577062222898
"ASV 154",-0.166715635033935,0.045671125253041,0.126617498202598,-0.126418102241259,0.135079043104871,0.278910951547415,-0.0829508064637171,0.147333089035127,0.295690848022273
"ASV 155",-0.1409446222844,0.0976982853515453,0.212743794708998,-0.086988079779529,0.315764122849994,0.479612684024643,-0.0604095669933711,0.303885865643378,0.46518400454669
"ASV 156",-0.0619104471499701,0.426169729204,0.573861049967564,-0.0237077178332528,0.570796793472154,0.717089917773702,-0.0152325274016202,0.568627076091246,0.712936022683845
"ASV 157",0.0803546184368656,0.330436414654575,0.485223458372276,0.114869450252775,0.19616224942088,0.337160065010597,0.0765739299369781,0.198720827982351,0.339733240865175
"ASV 158",-0.180032652407406,0.0348894907666377,0.098811936357264,-0.165149756879855,0.0512764343295557,0.138435387807511,-0.110098893963314,0.0572875821049845,0.148907064116191
"ASV 159",0.0552075306340373,0.475871831028819,0.630628641906656,0.0571111241215921,0.446712783084425,0.617560688733804,0.0383806075549744,0.444582822632667,0.613041426279735
"ASV 161",0.0352800773062796,0.582007068907864,0.721381141019109,0.0715821725186638,0.36893209748023,0.550612533924083,0.046882803569102,0.380132388950171,0.560117305470037
"ASV 162",0.0297318196281761,0.611845460853822,0.745918824243864,0.0475789352796267,0.536334247774693,0.694606583153583,0.0344320118248413,0.511455267707667,0.672176965917882
"ASV 163",-0.16288979967696,0.0517853986898075,0.134988320842057,-0.15166069083134,0.0565830547735242,0.162156029100554,-0.0949563368898856,0.0777900651069373,0.202809544196714
"ASV 165",-0.0173614895387411,0.622538800180679,0.755403051623023,0.00582276730780139,0.700587929689466,0.827870297014011,0.00357769764248518,0.709251862482628,0.830230195195636
"ASV 169",0.00219902319491878,0.643167421174672,0.770571788804186,0.0547259280357743,0.441325089446196,0.613940739609244,0.0362305003241044,0.446222692885129,0.618731677988992
"ASV 170",-0.00863095212922156,0.609283063011228,0.745151634767011,0.0537937122331057,0.464253355688106,0.626487982698451,0.0355419518940649,0.4687352709762,0.62671693497453
"ASV 172",-0.0333669897726844,0.58156310594577,0.717468703502356,0.0138656171182008,0.602423343195488,0.750997408083074,0.00993804900690327,0.599036031232756,0.745601317068288
"ASV 173",-0.043674108371053,0.542839859579716,0.681758234489018,-0.0374588171097693,0.567355233986507,0.720332915341428,-0.0281552043366013,0.546163396728626,0.701499905362808
"ASV 174",-0.107471624180383,0.229532482585729,0.361679205588286,-0.051247319032794,0.460273477142219,0.624684687441611,-0.034100590513849,0.458988777517098,0.622917713068111
"ASV 176",0.0582686279408224,0.467950895072774,0.62051231150094,0.0792070633017522,0.350020492283776,0.51798134625595,0.0549085240696423,0.335414903388428,0.502859819188888
"ASV 177",-0.116588343960856,0.160386897738496,0.304653094821282,-0.0918190476545949,0.242746413327257,0.436227501703618,-0.0604224198973985,0.250968618502756,0.446241025804367
"ASV 178",0.243217223748498,0.0042095858880571,0.0206468862577846,0.187575205083796,0.0304448445238696,0.092069933379593,0.127218962127816,0.0296068569638323,0.0914917872871386
"ASV 179",-0.08808698783701,0.298564889658299,0.452809698264657,-0.0457695489388953,0.516080208628543,0.670034456992718,-0.0300611063909506,0.517237948916374,0.669442054315519
"ASV 180",-0.144686756853187,0.0976358407990686,0.206089792313296,-0.0790529291573234,0.379733873488077,0.531896681794888,-0.052648249089966,0.384446034682172,0.533731645176379
"ASV 181",-0.0936147574071866,0.256549000106292,0.418637031093688,-0.0750388226440622,0.364197235617044,0.54370283641236,-0.0518431064591065,0.353106332998541,0.530602663587353
"ASV 183",-0.034490517403961,0.583392777243717,0.712713329719549,0.0468754886331544,0.504997007177031,0.665425835581312,0.0259160448421129,0.547545164004107,0.700907830888822
"ASV 185",0.0395988518137226,0.573330903582169,0.721364681215989,0.0133167636351763,0.740093018008794,0.853107146266113,0.00641359910967448,0.740491529947054,0.850763280613238
"ASV 186",-0.134890705523337,0.111360126687608,0.229385108175492,-0.120034487727681,0.157387855878493,0.305674078374753,-0.076659309942303,0.178439610748548,0.333741439129584
"ASV 187",-0.267507427415884,0.0011805611224846,0.00874013959937654,-0.264253140223173,0.00103378745229982,0.00907717672174991,-0.178580084685895,0.000934473539296892,0.00924608027498116
"ASV 188",0.0924558683408588,0.261986487572973,0.422370031651029,0.0801829377359448,0.333592873513165,0.51510004413575,0.0549030156822019,0.324372904396822,0.504447297184945
"ASV 189",0.125053352914936,0.149271249490217,0.274894546678591,0.120302614062982,0.167008575555741,0.314395231055053,0.0807327624544166,0.167901673138827,0.31598323854475
"ASV 194",0.167203848764502,0.041498869803461,0.117442983253194,0.215627982142941,0.00527141962522894,0.0299541630893356,0.141102852671132,0.00706151388652046,0.0377506224326751
"ASV 196",-0.168848303973757,0.0427256811833415,0.118496631984288,-0.19300654022146,0.0143482651197371,0.0595288002426961,-0.127423690527681,0.0165495394690752,0.0677793200670198
"ASV 198",-0.190671456360541,0.0311537849085571,0.088331754804237,-0.208462065957562,0.0130634650230253,0.0510272522697096,-0.13722494791315,0.0160275272813475,0.0605213984057839
"ASV 202",0.0805520754948024,0.318031216324585,0.477974932741926,0.0904772610270092,0.292550748759666,0.451160458298115,0.0597035753364373,0.299592475259032,0.459306667724647
"ASV 203",-0.0419834353744713,0.541138508778406,0.67565915565461,0.0168580583483674,0.550001099411446,0.701175519681727,0.0118109007366107,0.554711632466437,0.702413272724521
"ASV 205",-0.00502841935557984,0.587334367303985,0.717662172167504,0.0272086855045733,0.534847001546702,0.687540540947902,0.0186376289043088,0.529348385972764,0.681034258590208
"ASV 206",-0.0170271511793525,0.565442607386767,0.701977158591008,0.0271568533730999,0.524941210698027,0.681743557338448,0.0185375598658098,0.522962588216359,0.677147250395085
"ASV 207",0.158825268478688,0.0542002250890165,0.140538636281973,0.132614177871484,0.0950476061060402,0.230317070427917,0.089063280393321,0.0946109169192548,0.230536314842982
"ASV 208",0.00967893650710441,0.650166477473895,0.770972796319925,0.07682633154607,0.362344826838362,0.533222950152387,0.048928251438606,0.380655369234308,0.552734719912004
"ASV 209",0.191173031602961,0.014587367005864,0.0593425531476982,0.19426517777483,0.0103901375985234,0.0502341463708318,0.128568517050693,0.0124802793177831,0.0581624941806922
"ASV 213",0.0706535626624149,0.385988794460904,0.537839951766952,0.0948695473871204,0.300940923543545,0.452251899269689,0.0642691104598857,0.296996090617063,0.447907564172779
"ASV 214",-0.0320815602856199,0.616094773388534,0.745760213020845,0.0490343661320542,0.469486304012801,0.628645985914596,0.0319330400560847,0.478609438812798,0.635526187990576
"ASV 215",0.09351883194359,0.281415332304688,0.418215370356826,0.147978684578257,0.130005273047103,0.232972104805786,0.0985294442095039,0.12977728902629,0.23693466313198
"ASV 217",-0.236499867502761,0.00507502824210298,0.0244982384160953,-0.224701374071978,0.00512403979513499,0.0281484103136559,-0.146794853026125,0.00680346400892288,0.0354304937191407
"ASV 218",0.0286054292219527,0.583674458530423,0.720479019713627,0.048154152742108,0.488453295713256,0.647804201116509,0.0343686653692777,0.473750840551848,0.632248804540713
"ASV 219",0.299704390978333,0.000242491579501508,0.00265014677572705,0.248913287279835,0.00661507065055356,0.0262772678476826,0.167095096872836,0.00688351411976892,0.0283728063089878
"ASV 220",-0.119453337031346,0.163581801912501,0.301752987018366,-0.079585924273598,0.347304752059695,0.515157826563824,-0.0504145979829179,0.370122458220887,0.535001511322893
"ASV 221",0.0135290445131542,0.60232734109604,0.727748217251227,0.0559076206752179,0.470291198003455,0.619357504058482,0.0386339933772289,0.460347524232471,0.610610214792339
"ASV 222",0.194524406844098,0.029690938159782,0.0817830628486314,0.201783242986567,0.0285046783845483,0.0821046591961988,0.135780832339214,0.0292835535965906,0.084120346417205
"ASV 226",0.0841680035653384,0.310078833299774,0.466995930636349,0.127359557652566,0.158075480610505,0.289062826753921,0.0856021769516558,0.157835341798312,0.289565366875797
"ASV 227",0.200841863912946,0.0245185893467589,0.0694417872847351,0.173839519962076,0.04959007816309,0.12912969081512,0.117745453795046,0.0508014751651683,0.13087276893821
"ASV 228",-0.0493467624221717,0.527835534651755,0.675734779706709,-0.0627542743258828,0.420777525050953,0.613844332289133,-0.0398063618374428,0.443932330768117,0.631300485352796
"ASV 229",0.129316918872172,0.131482735667288,0.258027551741165,0.0933943713133474,0.261185406551768,0.438458750686003,0.0612541864008862,0.275664236150651,0.452031220658882
"ASV 231",0.103843664785539,0.210090957652539,0.35806984832602,0.186086547177226,0.0350293820189881,0.0993398117618874,0.124434472276736,0.0341130788549214,0.100669743178292
"ASV 232",-0.0602008722075619,0.461679403122339,0.593431128617887,-0.0465462979612737,0.516772677275313,0.658846129016177,-0.0307983122433796,0.515339234906993,0.655367668098848
"ASV 233",0.131992490800859,0.13871301198568,0.254179142476192,0.201108499835842,0.0325787101175552,0.0843575615116284,0.136867820794103,0.0278067412533512,0.0783834935783905
"ASV 234",0.154087268568511,0.0596270676421362,0.151391238174876,0.123492166944106,0.1182402853836,0.268813514039814,0.0826561077356602,0.118467559653959,0.271866270928179
"ASV 237",-0.147961063087795,0.0837356266975444,0.185561202400692,-0.148596376107052,0.0737801250238068,0.184227748574829,-0.0991619907005668,0.076616775049567,0.190078516432163
"ASV 239",-0.132809357130165,0.127944332981423,0.251312806315995,-0.121573141689649,0.160969602180243,0.309229099980011,-0.075926694412741,0.193449879140634,0.349772409298249
"ASV 240",-0.189597070891397,0.0289702845774046,0.0822918953251988,-0.206925825547209,0.00922536682126667,0.0429080317332771,-0.139782675814603,0.00965401584423559,0.0449560678533697
"ASV 241",0.0978267288372706,0.256580608928377,0.405127647379423,0.092786763395903,0.285996814245417,0.441929540937318,0.0629847381217188,0.281140398112067,0.436514544106146
"ASV 242",0.334122356921232,0.000119036524722835,0.00126200796158121,0.245659108962969,0.0120084864092017,0.0331602279725749,0.167470585283351,0.0120489936725454,0.0338985216355743
"ASV 243",0.0114523811037357,0.629017765448152,0.752988896354586,0.0785089842163881,0.354664294925577,0.515593803724388,0.0511159993169848,0.364145606151288,0.525390875099132
"ASV 244",-0.160140516671697,0.0607939608675356,0.147344463806036,-0.162275498239991,0.0553520531282172,0.142649890717781,-0.109170730679621,0.0580244074166687,0.14682029212016
"ASV 245",-0.107520546760315,0.223245453793803,0.364617749107044,-0.0856562805173708,0.327314009566135,0.491602673009983,-0.0567593422495884,0.33035308970218,0.495421414116175
"ASV 248",-0.17011611446033,0.0385944788421854,0.112745087913838,-0.183105218649436,0.0164341390303959,0.0698535204416542,-0.121616932101015,0.0186013700793933,0.0773302137249842
"ASV 250",-0.0105654923379037,0.638907781675661,0.766641019814001,-0.015013942036383,0.668533820962636,0.801453773085995,-0.00967823673263503,0.662253130398862,0.793412117635636
"ASV 251",-0.142232016364444,0.0943049353296051,0.201832164777503,-0.141760924001155,0.0790063642990555,0.198896911004971,-0.0923113928539606,0.0900037519350936,0.217741133653058
"ASV 253",-0.166246984737067,0.0569794422512192,0.141906795620227,-0.18320792045315,0.0321689366861259,0.0979685791636427,-0.117105562787396,0.0438694116597806,0.123095089608567
"ASV 254",0.0354116685346687,0.526089531989638,0.669796603819056,0.0813738995981572,0.345923233037823,0.500394978711541,0.0535222465638294,0.350206970813941,0.506291302447265
"ASV 256",0.131827540724561,0.108567628038408,0.232980838969345,0.140416768243149,0.0944392886026883,0.215926903941706,0.0955622595083204,0.0895116315903573,0.210537959366577
"ASV 257",0.0745867590460895,0.370770072334022,0.518488504834214,0.0825247787350737,0.336890312852361,0.496937194895982,0.0563746731933397,0.332168301732326,0.489586579898182
"ASV 259",-0.139690382927294,0.0939614731800254,0.208019576168628,-0.13407029725244,0.09515274086767,0.227349055955214,-0.0832785555164159,0.126105733850056,0.274886479829784
"ASV 262",0.153608253074685,0.0828673453057592,0.175821280454969,0.145113028843231,0.112892812229483,0.229562422376559,0.0986552190560577,0.112283917902831,0.227551388184894
"ASV 264",-0.0172360294780419,0.591217781417274,0.726000858024982,0.0895616513478794,0.308681692388078,0.46176670486574,0.0553987705518304,0.337186142615077,0.493349104183802
"ASV 265",-0.149327189341426,0.0997766371366217,0.199902098034286,-0.121885652202665,0.161534712944392,0.302760887153103,-0.0817371250977008,0.162070975795689,0.304189033145942
"ASV 266",0.0332669211485257,0.549092488606584,0.690758693884249,0.0757519975323223,0.371622698688249,0.536425956826974,0.0494607288911698,0.381454743609163,0.544291122942989
"ASV 269",-0.0163085147881194,0.645024373796513,0.768735422665013,0.000435135222857041,0.6871663200111,0.81370122622123,-0.00099885425584395,0.67915458393691,0.806833649068173
"ASV 270",0.126166170905093,0.119138900055741,0.252023211578653,0.177894864151713,0.0217717690866666,0.084567316722577,0.120039697163937,0.0211775682336069,0.0848258099448907
"ASV 273",-0.0198087106821617,0.667154762737185,0.787380863588266,-0.0268328229634156,0.664358983022211,0.802284142877647,-0.0172440068819089,0.668742094596425,0.80183720380719
"ASV 274",-0.0872890300686703,0.319378759657645,0.467728542057952,-0.0544305789112391,0.472388770959873,0.629363064207268,-0.0335414891886569,0.48736669725555,0.639923703440794
"ASV 275",-0.0257443814312232,0.562096323401648,0.700442038555962,0.0163537593243069,0.585176159776474,0.735319239393049,0.00971128705727693,0.593667097318843,0.741029183130397
"ASV 277",0.0779656092625813,0.361590433923171,0.509136341493584,0.0387578631438688,0.511198081630009,0.664892449202353,0.0260106054931717,0.502018106959638,0.653161144904305
"ASV 278",-0.0943154493280721,0.27547894544948,0.42910729477164,-0.0481735277868254,0.518969321581842,0.669976368570743,-0.0297039792719035,0.532313172932066,0.680117745339691
"ASV 279",-0.0257413583067564,0.542401489636102,0.681284372513016,-0.00275405488517093,0.559537626265993,0.718418437963606,0.000255221951401304,0.553664240818256,0.708020293718057
"ASV 283",0.198003171818474,0.0218274832713714,0.0682898323517536,0.211506961215937,0.0168706392528233,0.0557433410117245,0.139636703547435,0.0192536941166823,0.0627410648032376
"ASV 284",0.00795287612033718,0.612169738964027,0.745672653712534,0.0197398463808475,0.565309556676633,0.713981879897524,0.0144191221896002,0.553482848153163,0.701291596259428
"ASV 286",0.184950349802785,0.0326650769911628,0.0946144508731515,0.118899363308059,0.187827807043223,0.331801663626537,0.0817306986456871,0.183354202946997,0.324295659573503
"ASV 290",0.0796026927594039,0.333761516299349,0.480817860888294,0.0744716750320745,0.383889677024996,0.539975093815775,0.0507083786464014,0.378837752947921,0.531814469708313
"ASV 292",-0.116661708464802,0.197024403275351,0.324572898797116,-0.116850250582938,0.191125482454327,0.335357899358526,-0.0754024795413376,0.208616187715246,0.356156095284215
"ASV 293",-0.0535925381896336,0.48714347666273,0.636489261520337,-0.0672279551229915,0.404078167256177,0.587274770507954,-0.0445068524531791,0.412394237312318,0.59132001589206
"ASV 294",0.291305950741923,0.00221955615957432,0.00827608117732578,0.25995262064918,0.00323996698984151,0.0170894014190705,0.176015012267854,0.00321658897713426,0.0177582772325029
"ASV 295",0.179673226673248,0.0554627720992858,0.118171057600569,0.181783273489119,0.0556302141092355,0.126113109400221,0.120040615228511,0.0604071078598075,0.136073636941963
"ASV 298",-0.140762864225868,0.105120135675031,0.213855630628275,-0.144258890694972,0.0846573589919888,0.199471762453266,-0.0928980361163542,0.102752502537444,0.227218697532044
"ASV 299",0.20196813958439,0.0154298569020676,0.0563194827557933,0.2169152417532,0.0103158842684347,0.0425123528219052,0.145461823265569,0.0103663288105954,0.0441452686073977
"ASV 307",0.115655521518223,0.211814117350507,0.336416688251886,0.0922893570606587,0.314141304574421,0.457008226450841,0.0623852419552977,0.31517900637782,0.456179677701838
"ASV 312",-0.135451403906153,0.118255120723835,0.233613935938329,-0.198689810168709,0.0129768350210201,0.0546717898669429,-0.131548554655904,0.0154540561373273,0.0622118748990531
"ASV 313",-0.0459026748560498,0.490836370391169,0.636675459741384,0.0357998113224574,0.534401009178381,0.688169360326048,0.0214772026297917,0.549408676021548,0.699756255500536
"ASV 316",-0.0770492169745017,0.367024755698295,0.520610869600566,-0.0298777774500514,0.623188001757544,0.763105708293679,-0.0178710449855315,0.633382459994677,0.769322537859797
"ASV 323",0.0404914586289684,0.544398171867589,0.690197159979012,0.0344542044720692,0.587736788993519,0.740098254425024,0.0242121169939085,0.575132677755744,0.726678449159612
"ASV 324",-0.0457693374548787,0.52660275483925,0.660186380014654,0.0336057522368183,0.523406037338321,0.679048479963678,0.0225283865663186,0.529753996564489,0.682522395189458
"ASV 327",-0.0213333330804914,0.657123484364962,0.778205371624292,-0.0240456446735578,0.628587199957084,0.771374585163465,-0.0180436411253281,0.611484477226463,0.753905913737187
"ASV 330",0.159814487611479,0.066689971149495,0.155939371763477,0.148247995478768,0.0970524522781394,0.207373313208374,0.101261604379901,0.0970025642074722,0.205263680970052
"ASV 331",0.0576602724054085,0.442809431565748,0.602429154401474,0.0485648118863118,0.487162973040591,0.660191608674007,0.0336801169392382,0.473309971034938,0.646027581032327
"ASV 333",0.134347428327834,0.145614219335353,0.256072296146849,0.175753681095638,0.082875075239184,0.154921025568886,0.117480133133337,0.0831455873985373,0.158937926526731
"ASV 336",0.0888672898505802,0.296477077733087,0.4511323254691,0.0724337342375912,0.393272571917167,0.555016687336567,0.0501905902270117,0.381872374421398,0.540995334361896
"ASV 338",-0.0184344993317126,0.554991339844536,0.693877437424314,0.00459951123654919,0.548535406322584,0.70353796698143,0.00460133964181055,0.547183275787523,0.699342571671689
"ASV 341",-0.0599224657021973,0.470236023572351,0.606379296729495,-0.0718389048173505,0.388910295225356,0.561234987796367,-0.0493680043692579,0.378107691281105,0.548690579830462
"ASV 342",-0.00680922232084785,0.5403430469718,0.684665544501856,0.0136477089442744,0.544621285610916,0.695290422949824,0.0103915729061559,0.540666839637878,0.688855301995746
"ASV 343",-0.0956200909154696,0.277192641368766,0.422434491314212,-0.126832004132725,0.137057021427102,0.277179082100085,-0.0809209656919607,0.160571883239846,0.308011954153856
"ASV 345",0.0884958832046255,0.312703135394269,0.461376189845036,0.100011789385265,0.264577780741155,0.416740765074656,0.0675218132433923,0.262966255300184,0.412769386870612
"ASV 346",0.0479566633454886,0.469154884768974,0.618620065349951,0.0559255224169552,0.454399779870662,0.611925413206236,0.0381428288304674,0.446720269638069,0.603300022949628
"ASV 347",-0.00767951522181736,0.617325461998382,0.743980637108102,0.0385484764359224,0.527365391721669,0.673053495513275,0.0266385616613677,0.522127084192014,0.665723419578494
"ASV 350",0.137696452559695,0.122896147381386,0.231384298877269,0.154555857047162,0.103119191542938,0.202638161152157,0.103955205838215,0.105769213297645,0.206540268384139
"ASV 351",0.0233159875651625,0.535824012945477,0.680390655850631,0.0944632933447916,0.303880793352008,0.44491182786283,0.0627607303658126,0.306393851449267,0.448759730230523
"ASV 352",0.169945299019239,0.0585986716787789,0.134126401712922,0.198000156303402,0.0321958993826389,0.0879089336049408,0.132614427625605,0.0321799678802366,0.0897539003053345
"ASV 361",0.0564885185178785,0.442680148971206,0.591796672373963,0.0759229673097993,0.354334275514571,0.512601751522918,0.051706314837672,0.352413100974056,0.509129614626938
"ASV 369",0.147445466251048,0.108516585882252,0.207882095192258,0.147260038479433,0.112073405257825,0.218938837963067,0.0989939848836372,0.110146712239464,0.21939987061604
"ASV 370",0.0236996994229317,0.578446787963432,0.706073858010614,0.0690379781675233,0.392714942243309,0.546639583065714,0.0461042848108707,0.392538296228145,0.54689007652531
"ASV 371",0.389971576132176,3.7184746274984e-06,9.92668564016981e-05,0.311544411245065,0.00143802156759969,0.00738457076217044,0.213435324279067,0.00141828320370868,0.00747338135908167
"ASV 375",0.0508342872967964,0.473675052974905,0.624515112635948,0.0533836231609093,0.458783196630571,0.61554560142478,0.0356759893217793,0.45782902935394,0.611790535506349
"ASV 378",0.048610097703559,0.48601496325979,0.625641830517143,0.096475092265795,0.296309538580853,0.444003520896192,0.0638256852709403,0.299448408571936,0.449366564834375
"ASV 380",-0.0222335043787891,0.537023410858821,0.677052187168304,0.00660416574862937,0.564902564591361,0.712581191019755,0.00519165516249773,0.567320479115258,0.712130813028682
"ASV 381",0.0319832081347522,0.522767765544999,0.666376965485299,0.042644791774763,0.520250283916286,0.677449623156676,0.02656328036635,0.534563295896075,0.68668357845794
"ASV 392",0.0384229932516958,0.496484731356892,0.64428174483156,0.0985348586742741,0.275943782168783,0.421367906319472,0.0644747569243242,0.284168874548845,0.430285756792723
"ASV 393",0.0320463381014739,0.556636536655506,0.702800901800303,0.0247602484436025,0.573949121011403,0.731446822180382,0.0172724668836839,0.569402812164261,0.721894668634084
"ASV 403",-0.0399120994441413,0.509978758703331,0.65130443048575,-0.0188243403511736,0.54650292546297,0.697261614209185,-0.0116796175026165,0.542718991239944,0.693608203824538
"ASV 409",0.0330292535668682,0.551519899392765,0.696957274987187,0.0545381078181839,0.476327719558904,0.640809569339776,0.0348221892685303,0.491076187534649,0.653108497957539
"ASV 411",-0.0730951699149642,0.396935786834393,0.543983367784689,-0.016135858553913,0.602688994341461,0.747219679530012,-0.0133128543786701,0.597895111667081,0.742399887821402
"ASV 414",0.244128308016995,0.0106815847520648,0.0324413277201965,0.237782283370295,0.0133783232173153,0.0416856755591919,0.159394371231274,0.0145013325116002,0.0450124245434523
"ASV 417",0.0542651836321703,0.463853468969824,0.610511053006226,0.114413614752872,0.202852641679854,0.346208624188879,0.0746368136871337,0.212989774537566,0.360027498461639
"ASV 427",0.00963158343666109,0.590275990673634,0.729123115983321,0.0331645165031293,0.524384426173485,0.683659583738403,0.0222355239674085,0.520358366573689,0.67860671811909
"ASV 428",0.195311445409314,0.0259783212166889,0.0782689505751955,0.177800720831642,0.0570418004102457,0.133871523217153,0.120979795287085,0.056176733244131,0.132522966383986
"ASV 431",0.184747502145982,0.0428325071041165,0.105015097880421,0.182741734814724,0.0483576521079461,0.119027944695628,0.123495292218162,0.0475452826388733,0.118462278729266
"ASV 435",-0.085611772006061,0.319405938275671,0.47153331210915,-0.0796599003709674,0.341439873409824,0.51783303046574,-0.0536581201206906,0.339773977510006,0.515447822336729
"ASV 440",0.142285378460683,0.117258493942876,0.226638155572106,0.171333720330807,0.0664598018097383,0.147623421562519,0.114517538755021,0.0669310985722946,0.150573495302547
"ASV 446",0.19703146151853,0.0276881234539398,0.0786458261862402,0.175597473962092,0.0591423198921888,0.135164339436965,0.119106025492804,0.0566672209744393,0.1322219154466
"ASV 450",-0.010235936387093,0.596793605018989,0.724507226645496,-0.0169353290177273,0.606097410492035,0.742042325206021,-0.0106064000163283,0.603939893928362,0.739411376014958
"ASV 452",0.276610045409856,0.00209932765191924,0.010546403865631,0.222294056230862,0.0161291225751333,0.0550802296087549,0.151889193343844,0.0160299558629481,0.0552699639579782
"ASV 454",-0.090827160908904,0.295386592807737,0.442742117267426,-0.0667614437291325,0.40422022250118,0.574622171488413,-0.0422924807021721,0.426685023062328,0.593581508811204
"ASV 458",-0.0828216953815881,0.350317371271306,0.494034939948184,-0.123149398193504,0.160496622814748,0.308006959117327,-0.0772129028800547,0.194827385970909,0.348594050330362
"ASV 471",0.03019244960822,0.535463659355063,0.674851823276221,0.0549678458658025,0.439219525837158,0.593496504755993,0.0366959590628111,0.446052290478532,0.596257752306791
"ASV 472",0.0327179904138073,0.515813997193522,0.654999951727411,0.0793252606991203,0.343522323183915,0.499951349826671,0.0531302329909936,0.344581771645897,0.498451003028904
"ASV 492",0.232231626467798,0.0151025033540013,0.0404680293761915,0.189157362203104,0.0439480411867663,0.104354228346378,0.128519859628304,0.0429126089323866,0.104450143001014
"ASV 493",0.0753875187300169,0.364985264431149,0.51796990588791,0.0810451827523606,0.333187335198283,0.499773940022861,0.0553611299043216,0.325780899110473,0.491717120462865
"ASV 509",-0.0483226427846467,0.48758022608872,0.637186672139061,-0.025864403886514,0.565341934074308,0.726010052253001,-0.0145127647760856,0.581589215517735,0.734744331210652
"ASV 521",0.174734321253953,0.052457366693079,0.124224588834165,0.183528537834323,0.0438898083624894,0.111847775385611,0.124278401299261,0.0438552778327146,0.112191671185276
"ASV 535",0.0886757716903516,0.29910240000441,0.445211491690584,0.0441250614789394,0.50130065387772,0.659589485483454,0.0284875437121671,0.505670786636755,0.659352630293865
"ASV 543",-0.00118435809368247,0.60736714881043,0.73772207686251,0.0302343019641547,0.51456273280578,0.673788107735583,0.0211788316434412,0.50603539325636,0.663919655106684
"ASV 548",-0.0282933467903513,0.539997871815095,0.680657441948169,0.0253386346180208,0.556809202397316,0.704125510562136,0.0160799010028555,0.557859324525291,0.703565084376233
"ASV 553",-0.0353323679549009,0.511396958880528,0.651446704109267,-0.0179423797275425,0.550988099525014,0.696851770224892,-0.0100647419180305,0.545952542490286,0.692525290675618
"ASV 562",0.00572334627211833,0.534824628621145,0.670630607912572,0.0302563941053226,0.520244713589891,0.666605956995162,0.0205058903111493,0.519123644123003,0.66534160427513
"ASV 569",-0.00762468780701091,0.606447108046117,0.739617676474596,0.0291168497767601,0.557738594366261,0.706251727160283,0.0201643702898497,0.554393707708078,0.700504025841542
"ASV 575",0.164760587422644,0.0675660739050701,0.151278992970641,0.161356830901913,0.067138321092426,0.162748780557778,0.107744976397152,0.0711457258681195,0.169743606830428
"ASV 588",0.315956626857892,0.000737470241488157,0.00384460352891686,0.255397434362086,0.00749137654486866,0.0265520562592049,0.173246129514522,0.00896563528703817,0.0299894958476734
"ASV 589",-0.0055702585366095,0.58175203474014,0.714405388254803,0.0270423947596761,0.56190137664199,0.710008493581742,0.018431064375297,0.558389736818876,0.704603535630141
"ASV 599",-0.125897127894294,0.166407506479991,0.28860307572985,-0.135295485645691,0.129071763200742,0.256653662103981,-0.0891284629780314,0.142502675710275,0.272103294393056
"ASV 616",0.149538296536994,0.0980062488767038,0.195944833813363,0.195382659576355,0.0335525608274874,0.090882126953621,0.130456057813575,0.0342668087408407,0.094267852350184
"ASV 637",0.030350870150912,0.557613042737484,0.695258022471624,0.0674512456650912,0.399273578189178,0.574776454926556,0.044028540810445,0.409481154782685,0.582963063971075
"ASV 640",0.0846600219063612,0.321934229794429,0.463111900838602,0.099337349779374,0.257415502646943,0.411229400651452,0.0661493067061802,0.26175028744484,0.416274983515509
"ASV 641",0.0677518620586054,0.407597666647896,0.54865520707642,0.0742939754434977,0.374228192095583,0.531664134953739,0.0499518934379313,0.374484001503565,0.530402972910314
"ASV 644",-0.0931852282061185,0.282720027365401,0.432137931989223,-0.164069455618861,0.0573767214248077,0.146417036548147,-0.104589588458425,0.0770216854162537,0.179520187270717
"ASV 645",0.111310673262998,0.222775769852078,0.352524954433058,0.131416241881597,0.143336471214031,0.275521745656135,0.0876926099852557,0.145304139429061,0.281227071272024
"ASV 665",-0.0356099265483625,0.515050581600267,0.659693651235923,-0.0185905738104972,0.602771873140237,0.745992882992228,-0.013072321460443,0.607377815797426,0.747324747814072
"ASV 672",-0.00931663567523862,0.620882796515161,0.753551729358438,-0.0678036390080243,0.408681691261168,0.580699567290526,-0.0451320544276549,0.412616165581683,0.579823469922866
"ASV 676",0.035339221398714,0.503194742501556,0.65131983060784,0.0139476852766615,0.581716301276212,0.730036352497756,0.0118411968675324,0.563478592410636,0.712665071920986
"ASV 711",0.0873264201887746,0.310927750736079,0.455810010674858,0.0708989967443489,0.395787886424778,0.553699983678677,0.0472527835921766,0.396178472646245,0.552853904539007
"ASV 759",0.0721499126451935,0.380997720060643,0.524031658846201,0.061849303523046,0.424759365283591,0.582813636847053,0.0422061826322738,0.415337978763901,0.573050699004944
"ASV 775",0.00599308645445861,0.568487852330317,0.702300588127815,0.0473559186682318,0.500298196736071,0.644391531331466,0.0330163562526801,0.493893420955516,0.636012624420962
"ASV 785",0.0447435902431378,0.462508202843151,0.610780064588278,0.0350581032196996,0.498810702001486,0.662582203912337,0.0237402318031881,0.498585885812401,0.660021538541278
"ASV 861",0.00156714096553492,0.570767537671622,0.703743381813417,0.0093920843917434,0.565005930521111,0.716865902825455,0.00750058756456348,0.558360800584621,0.708500644414854
"ASV 873",0.106648378820831,0.224601271599272,0.360669603948078,0.107380310642762,0.231746256108661,0.379737275832152,0.0717504186684081,0.23414546661255,0.383189565514437
"ASV 879",0.116011229773095,0.208719496221483,0.333358664466483,0.129046585810629,0.155321292632339,0.284117715479389,0.0857141808296089,0.15744649897037,0.290073017061887
"ASV 922",0.16852301723484,0.0644574511726586,0.142708979595065,0.182103520693664,0.0524152445158835,0.123001102585745,0.122815006369283,0.0542347824996116,0.125373977943172
"ASV 989",-0.00261838305967342,0.530962365616546,0.675880912325886,0.0210883850301306,0.57275574958801,0.725500807424041,0.0146210963957452,0.571479263895081,0.721279061213258
