Record Number,Sample Name,sample_number,Dx (10),Dx (50),Dx (90),Weighted Residual,Laser Obscuration,Measurement Date Time,0.01,0.0114,0.0129,0.0147,0.0167,0.0189,0.0215,0.0244,0.0278,0.0315,0.0358,0.0407,0.0463,0.0526,0.0597,0.0679,0.0771,0.0876,0.0995,0.113,0.128,0.146,0.166,0.188,0.214,0.243,0.276,0.314,0.357,0.405,0.46,0.523,0.594,0.675,0.767,0.872,0.991,1.13,1.28,1.45,1.65,1.88,2.13,2.42,2.75,3.12,3.55,4.03,4.58,5.21,5.92,6.72,7.64,8.68,9.86,11.2,12.7,14.5,16.4,18.7,21.2,24.1,27.4,31.1,35.3,40.1,45.6,51.8,58.9,66.9,76,86.4,98.1,111,127,144,163,186,211,240,272,310,352,400,454,516,586,666,756,859,976,1110,1260,1430,1630,1850,2100,2390,2710,3080,3500
326,mouse_CY_26,26,47.1,240,1540,3.46,0.05,10/6/2022 14:54,0,0,0,0,0,0,0,0,0,0,0,0,0,0,0,0,0,0,0,0,0,0,0,0,0,0,0,0,0,0,0,0.13,0.29,0.46,0.58,0.62,0.56,0.44,0.29,0.15,0,0,0,0,0,0,0,0,0,0,0,0,0,0,0,0,0,0,0,0,0,0,0.28,0.95,1.83,2.63,3.1,3.11,2.75,2.27,1.95,1.99,2.4,3.07,3.75,4.24,4.38,4.14,3.59,2.88,2.17,1.65,1.45,1.63,2.14,2.8,3.38,3.68,3.69,3.53,3.35,3.18,3,2.74,2.42,2.07,1.69,1.29,0.87,0.44,0
328,mouse_CY_26,26,36.6,81.6,163,5.68,0.06,10/6/2022 14:55,0,0,0,0,0,0,0,0,0,0,0,0,0,0,0,0,0,0,0,0,0,0,0,0,0,0,0,0,0,0,0,0.11,0.37,0.7,0.99,1.16,1.16,0.98,0.7,0.39,0.14,0,0,0,0,0,0,0,0,0,0,0,0,0,0,0,0,0,0,0,0,0.01,0.56,1.8,3.45,5.12,6.41,7.16,7.39,7.34,7.27,7.38,7.63,7.78,7.5,6.57,5.03,3.16,1.43,0.31,0,0,0,0,0,0,0,0,0,0,0,0,0,0,0,0,0,0,0,0,0
329,mouse_CY_26,26,37.7,82.5,200,4.01,0.06,10/6/2022 14:55,0,0,0,0,0,0,0,0,0,0,0,0,0,0,0,0,0,0,0,0,0,0,0,0,0,0,0,0,0,0,0,0.14,0.39,0.67,0.89,0.98,0.93,0.78,0.57,0.37,0.21,0.1,0,0,0,0,0,0,0,0,0,0,0,0,0,0,0,0,0,0,0,0,0.46,1.71,3.53,5.39,6.79,7.46,7.44,7.01,6.47,6.07,5.92,5.93,5.94,5.78,5.36,4.65,3.67,2.53,1.39,0.47,0,0,0,0,0,0,0,0,0,0,0,0,0,0,0,0,0,0,0
330,mouse_CY_26,26,36.5,75.2,161,4.53,0.06,10/6/2022 14:56,0,0,0,0,0,0,0,0,0,0,0,0,0,0,0,0,0,0,0,0,0,0,0,0,0,0,0,0,0,0,0,0.18,0.45,0.76,1,1.1,1.04,0.86,0.62,0.39,0.21,0.09,0,0,0,0,0,0,0,0,0,0,0,0,0,0,0,0,0,0,0,0,0.47,1.84,3.86,5.94,7.51,8.26,8.25,7.81,7.3,6.98,6.87,6.8,6.48,5.71,4.46,2.92,1.43,0.39,0,0,0,0,0,0,0,0,0,0,0,0,0,0,0,0,0,0,0,0,0
327,mouse_CY_26,26,37.2,96.3,223,4.59,0.07,10/6/2022 14:54,0,0,0,0,0,0,0,0,0,0,0,0,0,0,0,0,0,0,0,0,0,0,0,0,0,0,0,0,0,0,0,0.15,0.42,0.72,0.97,1.07,1,0.8,0.52,0.26,0.08,0,0,0,0,0,0,0,0,0,0,0,0,0,0,0,0,0,0,0,0,0.01,0.62,1.95,3.64,5.19,6.16,6.38,5.98,5.33,4.79,4.64,4.95,5.59,6.31,6.82,6.92,6.46,5.41,3.89,2.2,0.75,0,0,0,0,0,0,0,0,0,0,0,0,0,0,0,0,0,0,0
370,mouse_CY_4,4,27,120,403,3.6,0.32,10/6/2022 15:25,0,0,0,0,0,0,0,0,0,0,0,0,0,0,0,0,0,0,0,0,0,0,0,0,0,0,0,0,0,0,0,0,0,0.1,0.16,0.18,0.19,0.18,0.18,0.21,0.25,0.29,0.28,0.24,0.17,0.11,0.08,0.08,0.09,0.12,0.14,0.18,0.23,0.31,0.42,0.54,0.68,0.79,0.88,0.95,1.01,1.11,1.29,1.58,1.95,2.37,2.78,3.18,3.6,4.08,4.65,5.24,5.73,5.98,5.88,5.42,4.73,4.01,3.47,3.24,3.31,3.52,3.64,3.46,2.9,2.09,1.22,0.49,0.07,0,0,0,0,0,0,0,0,0,0,0,0
366,mouse_CY_4,4,35.2,130,396,3.68,0.33,10/6/2022 15:23,0,0,0,0,0,0,0,0,0,0,0,0,0,0,0,0,0,0,0,0,0,0,0,0,0,0,0,0,0,0,0,0,0,0,0,0,0,0,0,0,0,0,0,0,0,0,0,0,0.07,0.1,0.14,0.18,0.24,0.33,0.44,0.56,0.69,0.79,0.87,0.92,0.96,1.04,1.21,1.48,1.85,2.26,2.67,3.08,3.51,4,4.57,5.16,5.66,5.93,5.9,5.55,5.02,4.49,4.13,4.03,4.13,4.24,4.14,3.68,2.86,1.88,0.96,0.3,0,0,0,0,0,0,0,0,0,0,0,0,0
367,mouse_CY_4,4,28.2,128,413,3.77,0.33,10/6/2022 15:23,0,0,0,0,0,0,0,0,0,0,0,0,0,0,0,0,0,0,0,0,0,0,0,0,0,0,0,0,0,0,0,0,0,0.11,0.17,0.2,0.21,0.2,0.19,0.21,0.24,0.27,0.26,0.22,0.15,0.1,0.07,0.07,0.08,0.11,0.14,0.17,0.22,0.3,0.41,0.53,0.65,0.76,0.83,0.88,0.94,1.03,1.2,1.46,1.8,2.18,2.56,2.93,3.33,3.81,4.37,4.97,5.49,5.81,5.81,5.48,4.93,4.33,3.87,3.64,3.67,3.82,3.87,3.64,3.06,2.24,1.34,0.56,0.1,0,0,0,0,0,0,0,0,0,0,0,0
368,mouse_CY_4,4,26.3,118,261,6.04,0.33,10/6/2022 15:24,0,0,0,0,0,0,0,0,0,0,0,0,0,0,0,0,0,0,0,0,0,0,0,0,0,0,0,0,0,0,0,0,0,0.11,0.17,0.2,0.19,0.18,0.18,0.21,0.26,0.3,0.3,0.25,0.18,0.12,0.08,0.07,0.08,0.11,0.14,0.18,0.24,0.33,0.45,0.58,0.71,0.81,0.89,0.94,1,1.11,1.32,1.64,2.05,2.5,2.91,3.27,3.62,4.03,4.54,5.15,5.8,6.4,6.81,6.98,6.89,6.53,5.91,5.03,3.91,2.62,1.34,0.39,0,0,0,0,0,0,0,0,0,0,0,0,0,0,0,0,0
369,mouse_CY_4,4,25.1,113,263,5.67,0.33,10/6/2022 15:24,0,0,0,0,0,0,0,0,0,0,0,0,0,0,0,0,0,0,0,0,0,0,0,0,0,0,0,0,0,0,0,0,0,0.11,0.18,0.2,0.2,0.19,0.19,0.21,0.26,0.29,0.29,0.25,0.18,0.13,0.1,0.09,0.1,0.12,0.15,0.18,0.24,0.33,0.46,0.6,0.74,0.85,0.93,0.99,1.05,1.17,1.4,1.75,2.21,2.69,3.13,3.51,3.85,4.23,4.69,5.23,5.8,6.28,6.56,6.59,6.38,5.99,5.45,4.75,3.85,2.75,1.56,0.53,0,0,0,0,0,0,0,0,0,0,0,0,0,0,0,0,0
373,mouse_CY_8,8,32.8,143,322,4.09,0.41,10/6/2022 15:28,0,0,0,0,0,0,0,0,0,0,0,0,0,0,0,0,0,0,0,0,0,0,0,0,0,0,0,0,0,0,0,0,0,0.09,0.14,0.16,0.16,0.14,0.14,0.17,0.21,0.24,0.25,0.22,0.17,0.12,0.09,0.08,0.09,0.1,0.12,0.15,0.19,0.25,0.34,0.44,0.54,0.63,0.7,0.75,0.81,0.9,1.06,1.32,1.66,2.05,2.44,2.8,3.15,3.52,3.93,4.37,4.81,5.22,5.58,5.89,6.19,6.48,6.68,6.66,6.22,5.22,3.72,2.01,0.62,0,0,0,0,0,0,0,0,0,0,0,0,0,0,0,0
371,mouse_CY_8,8,37.7,178,414,3.3,0.42,10/6/2022 15:27,0,0,0,0,0,0,0,0,0,0,0,0,0,0,0,0,0,0,0,0,0,0,0,0,0,0,0,0,0,0,0,0,0,0.1,0.15,0.18,0.17,0.15,0.14,0.15,0.18,0.2,0.21,0.18,0.14,0.1,0.08,0.07,0.08,0.09,0.1,0.12,0.16,0.21,0.29,0.38,0.48,0.56,0.62,0.66,0.69,0.75,0.87,1.05,1.3,1.6,1.9,2.21,2.53,2.89,3.3,3.72,4.11,4.42,4.61,4.74,4.9,5.18,5.63,6.2,6.69,6.85,6.42,5.3,3.66,1.92,0.59,0,0,0,0,0,0,0,0,0,0,0,0,0,0
372,mouse_CY_8,8,34.8,154,345,3.55,0.42,10/6/2022 15:28,0,0,0,0,0,0,0,0,0,0,0,0,0,0,0,0,0,0,0,0,0,0,0,0,0,0,0,0,0,0,0,0,0,0.09,0.14,0.16,0.16,0.14,0.14,0.16,0.19,0.22,0.23,0.2,0.15,0.11,0.09,0.08,0.09,0.1,0.12,0.14,0.17,0.23,0.31,0.41,0.51,0.6,0.67,0.72,0.77,0.84,0.99,1.21,1.5,1.83,2.16,2.48,2.81,3.17,3.59,4.07,4.57,5.05,5.46,5.81,6.12,6.42,6.66,6.74,6.51,5.79,4.55,2.93,1.35,0.29,0,0,0,0,0,0,0,0,0,0,0,0,0,0,0
375,mouse_CY_8,8,33.2,148,316,4.25,0.42,10/6/2022 15:29,0,0,0,0,0,0,0,0,0,0,0,0,0,0,0,0,0,0,0,0,0,0,0,0,0,0,0,0,0,0,0,0,0,0.09,0.14,0.16,0.16,0.15,0.14,0.16,0.19,0.22,0.23,0.2,0.16,0.12,0.1,0.09,0.09,0.11,0.13,0.15,0.19,0.25,0.33,0.43,0.52,0.61,0.67,0.72,0.79,0.9,1.08,1.36,1.72,2.1,2.46,2.78,3.06,3.34,3.66,4.04,4.47,4.96,5.47,6.01,6.54,7.01,7.27,7.16,6.49,5.22,3.48,1.69,0.41,0,0,0,0,0,0,0,0,0,0,0,0,0,0,0,0
385,mouse_CY_5,5,16.2,92.7,323,3.47,0.42,10/6/2022 15:37,0,0,0,0,0,0,0,0,0,0,0,0,0,0,0,0,0,0,0,0,0,0,0,0,0,0,0,0,0,0,0,0,0.11,0.22,0.31,0.35,0.33,0.3,0.27,0.29,0.34,0.38,0.4,0.38,0.33,0.28,0.26,0.25,0.25,0.26,0.28,0.31,0.37,0.47,0.6,0.77,0.93,1.07,1.18,1.25,1.33,1.46,1.71,2.08,2.56,3.08,3.58,4.01,4.41,4.82,5.26,5.68,5.98,6,5.66,4.96,4.06,3.16,2.5,2.19,2.2,2.37,2.45,2.27,1.78,1.16,0.57,0.16,0,0,0,0,0,0,0,0,0,0,0,0,0
448,mouse_CY_25,25,3.99,126,419,8.21,0.42,10/6/2022 16:18,0,0,0,0,0,0,0,0,0,0,0,0,0,0,0,0,0,0,0,0,0,0,0,0,0,0,0,0,0,0,0,0.21,0.51,0.82,1.02,1.06,0.94,0.75,0.59,0.51,0.51,0.55,0.58,0.57,0.52,0.47,0.44,0.41,0.4,0.4,0.38,0.37,0.38,0.44,0.53,0.66,0.79,0.89,0.92,0.88,0.83,0.84,0.97,1.26,1.67,2.13,2.52,2.8,2.98,3.11,3.25,3.39,3.47,3.42,3.19,2.86,2.63,2.72,3.3,4.33,5.56,6.5,6.64,5.72,3.95,1.95,0.5,0,0,0,0,0,0,0,0,0,0,0,0,0,0
374,mouse_CY_8,8,34.9,155,397,3.18,0.43,10/6/2022 15:28,0,0,0,0,0,0,0,0,0,0,0,0,0,0,0,0,0,0,0,0,0,0,0,0,0,0,0,0,0,0,0,0,0,0.09,0.14,0.16,0.16,0.14,0.14,0.15,0.18,0.21,0.22,0.19,0.15,0.12,0.1,0.09,0.1,0.11,0.13,0.15,0.18,0.24,0.31,0.4,0.49,0.58,0.64,0.69,0.75,0.84,1.01,1.25,1.56,1.91,2.27,2.61,2.95,3.32,3.74,4.17,4.58,4.88,5.04,5.08,5.07,5.12,5.29,5.56,5.81,5.83,5.41,4.45,3.08,1.64,0.52,0,0,0,0,0,0,0,0,0,0,0,0,0,0
382,mouse_CY_5,5,16,89.7,241,3.8,0.43,10/6/2022 15:35,0,0,0,0,0,0,0,0,0,0,0,0,0,0,0,0,0,0,0,0,0,0,0,0,0,0,0,0,0,0,0,0,0.12,0.25,0.34,0.38,0.37,0.32,0.28,0.29,0.33,0.38,0.4,0.37,0.33,0.28,0.26,0.25,0.25,0.26,0.28,0.31,0.37,0.46,0.6,0.76,0.93,1.08,1.19,1.28,1.37,1.51,1.75,2.12,2.59,3.12,3.63,4.1,4.57,5.08,5.63,6.16,6.56,6.65,6.32,5.58,4.55,3.44,2.5,1.88,1.61,1.58,1.57,1.43,1.08,0.64,0.26,0,0,0,0,0,0,0,0,0,0,0,0,0,0
383,mouse_CY_5,5,19,106,484,3.68,0.43,10/6/2022 15:36,0,0,0,0,0,0,0,0,0,0,0,0,0,0,0,0,0,0,0,0,0,0,0,0,0,0,0,0,0,0,0,0,0.09,0.19,0.28,0.31,0.3,0.27,0.25,0.27,0.32,0.36,0.37,0.34,0.29,0.24,0.21,0.2,0.21,0.23,0.25,0.28,0.33,0.4,0.51,0.64,0.78,0.9,1,1.08,1.17,1.3,1.52,1.85,2.27,2.72,3.16,3.55,3.93,4.34,4.77,5.18,5.44,5.44,5.06,4.34,3.4,2.5,1.86,1.68,1.99,2.63,3.32,3.76,3.77,3.31,2.49,1.52,0.66,0.15,0,0,0,0,0,0,0,0,0,0,0
381,mouse_CY_5,5,19,103,308,3.26,0.44,10/6/2022 15:35,0,0,0,0,0,0,0,0,0,0,0,0,0,0,0,0,0,0,0,0,0,0,0,0,0,0,0,0,0,0,0,0,0.1,0.21,0.3,0.34,0.33,0.29,0.26,0.26,0.3,0.34,0.35,0.33,0.28,0.24,0.21,0.2,0.21,0.22,0.24,0.27,0.32,0.39,0.51,0.64,0.78,0.9,1.01,1.09,1.17,1.3,1.52,1.85,2.25,2.71,3.15,3.57,4,4.49,5.05,5.63,6.12,6.38,6.29,5.81,5.04,4.16,3.36,2.8,2.51,2.41,2.3,2.03,1.56,1,0.48,0.13,0,0,0,0,0,0,0,0,0,0,0,0,0
384,mouse_CY_5,5,18.4,103,442,3.4,0.44,10/6/2022 15:36,0,0,0,0,0,0,0,0,0,0,0,0,0,0,0,0,0,0,0,0,0,0,0,0,0,0,0,0,0,0,0,0,0.09,0.19,0.28,0.33,0.32,0.29,0.26,0.27,0.3,0.34,0.36,0.33,0.29,0.25,0.23,0.23,0.23,0.24,0.26,0.29,0.33,0.41,0.53,0.67,0.81,0.94,1.04,1.12,1.21,1.34,1.58,1.92,2.34,2.79,3.23,3.62,3.99,4.41,4.89,5.38,5.77,5.91,5.68,5.05,4.12,3.1,2.24,1.74,1.7,2.02,2.49,2.85,2.9,2.61,2.01,1.24,0.54,0.11,0,0,0,0,0,0,0,0,0,0,0
408,mouse_CY_7,7,28.4,150,411,3.92,0.48,10/6/2022 15:53,0,0,0,0,0,0,0,0,0,0,0,0,0,0,0,0,0,0,0,0,0,0,0,0,0,0,0,0,0,0,0,0,0,0.14,0.19,0.19,0.16,0.13,0.11,0.13,0.17,0.21,0.23,0.21,0.18,0.15,0.13,0.13,0.14,0.15,0.15,0.17,0.2,0.26,0.35,0.46,0.59,0.72,0.83,0.93,1.03,1.17,1.37,1.65,1.99,2.36,2.71,3.01,3.25,3.47,3.66,3.82,3.92,3.95,3.89,3.83,3.87,4.12,4.63,5.32,5.99,6.33,6.07,5.1,3.57,1.9,0.6,0,0,0,0,0,0,0,0,0,0,0,0,0,0
409,mouse_CY_7,7,43.7,379,2250,3.68,0.48,10/6/2022 15:54,0,0,0,0,0,0,0,0,0,0,0,0,0,0,0,0,0,0,0,0,0,0,0,0,0,0,0,0,0,0,0,0,0,0.08,0.11,0.11,0.1,0.08,0.07,0.08,0.1,0.13,0.14,0.13,0.12,0.1,0.09,0.09,0.09,0.09,0.1,0.11,0.13,0.16,0.22,0.29,0.36,0.44,0.51,0.57,0.63,0.72,0.85,1.02,1.23,1.45,1.64,1.8,1.93,2.04,2.15,2.25,2.32,2.34,2.31,2.25,2.23,2.31,2.53,2.87,3.21,3.42,3.32,2.84,2.04,1.13,0.37,0.01,0.01,0.84,2.29,3.93,5.26,5.94,5.94,5.47,4.73,3.79,2.66,1.37,0
410,mouse_CY_7,7,24.7,136,396,4.17,0.49,10/6/2022 15:54,0,0,0,0,0,0,0,0,0,0,0,0,0,0,0,0,0,0,0,0,0,0,0,0,0,0,0,0,0,0,0,0,0.1,0.17,0.22,0.22,0.18,0.14,0.12,0.14,0.18,0.23,0.25,0.24,0.21,0.17,0.16,0.15,0.16,0.17,0.18,0.2,0.23,0.3,0.4,0.53,0.67,0.81,0.94,1.06,1.19,1.35,1.58,1.9,2.27,2.65,2.98,3.23,3.4,3.53,3.64,3.75,3.85,3.9,3.9,3.89,3.95,4.18,4.6,5.15,5.65,5.85,5.49,4.51,3.06,1.56,0.45,0,0,0,0,0,0,0,0,0,0,0,0,0,0
406,mouse_CY_7,7,148,1770,2760,8.79,0.5,10/6/2022 15:52,0,0,0,0,0,0,0,0,0,0,0,0,0,0,0,0,0,0,0,0,0,0,0,0,0,0,0,0,0,0,0,0,0,0,0,0,0,0,0,0,0,0,0,0,0,0,0,0,0,0,0,0,0,0,0.07,0.09,0.11,0.13,0.15,0.16,0.17,0.19,0.23,0.29,0.37,0.46,0.54,0.61,0.68,0.74,0.8,0.87,0.94,1.02,1.1,1.21,1.33,1.47,1.62,1.73,1.74,1.6,1.3,0.87,0.43,0.11,0,0,0,0.07,1.07,3.19,6.09,9.1,11.46,12.57,12.12,10.21,7.24,3.74,0
407,mouse_CY_7,7,32,156,412,3.61,0.51,10/6/2022 15:53,0,0,0,0,0,0,0,0,0,0,0,0,0,0,0,0,0,0,0,0,0,0,0,0,0,0,0,0,0,0,0,0,0,0.12,0.17,0.18,0.17,0.14,0.12,0.12,0.15,0.18,0.19,0.18,0.15,0.13,0.12,0.12,0.12,0.13,0.14,0.15,0.18,0.23,0.31,0.41,0.52,0.62,0.72,0.8,0.89,1.01,1.2,1.46,1.79,2.14,2.49,2.81,3.1,3.39,3.68,3.95,4.18,4.32,4.36,4.36,4.39,4.55,4.91,5.41,5.9,6.13,5.86,4.96,3.55,1.97,0.67,0,0,0,0,0,0,0,0,0,0,0,0,0,0
335,mouse_CY_19,19,1.49,109,271,3.67,0.55,10/6/2022 14:59,0,0,0,0,0,0,0,0,0,0,0,0,0,0,0,0,0,0,0,0,0,0,0,0,0,0,0,0,0,0,0,0.17,0.59,1.16,1.64,1.88,1.82,1.5,1.09,0.74,0.52,0.45,0.48,0.56,0.63,0.67,0.67,0.64,0.61,0.6,0.61,0.66,0.73,0.79,0.84,0.84,0.8,0.71,0.61,0.56,0.61,0.8,1.12,1.54,1.98,2.34,2.55,2.62,2.57,2.51,2.53,2.72,3.13,3.77,4.58,5.47,6.26,6.76,6.76,6.11,4.82,3.11,1.44,0.31,0,0,0,0,0,0,0,0,0,0,0,0,0,0,0,0,0
320,mouse_CY_1,1,26.4,124,346,1.61,0.56,10/6/2022 14:49,0,0,0,0,0,0,0,0,0,0,0,0,0,0,0,0,0,0,0,0,0,0,0,0,0,0,0,0,0,0,0,0,0.06,0.15,0.23,0.27,0.27,0.23,0.18,0.15,0.15,0.17,0.18,0.19,0.19,0.19,0.18,0.19,0.19,0.21,0.24,0.29,0.34,0.4,0.47,0.53,0.58,0.63,0.68,0.76,0.9,1.1,1.37,1.72,2.1,2.5,2.9,3.28,3.65,4.01,4.36,4.67,4.92,5.08,5.15,5.14,5.1,5.06,5.03,4.97,4.79,4.4,3.74,2.83,1.81,0.87,0.23,0,0,0,0,0,0,0,0,0,0,0,0,0,0
334,mouse_CY_19,19,3.76,200,1580,1.89,0.56,10/6/2022 14:59,0,0,0,0,0,0,0,0,0,0,0,0,0,0,0,0,0,0,0,0,0,0,0,0,0,0,0,0,0,0,0,0.11,0.41,0.8,1.14,1.31,1.27,1.06,0.77,0.53,0.38,0.33,0.35,0.4,0.45,0.47,0.47,0.45,0.43,0.42,0.44,0.47,0.52,0.56,0.6,0.6,0.57,0.52,0.47,0.44,0.48,0.59,0.8,1.06,1.32,1.55,1.71,1.8,1.85,1.91,2,2.14,2.33,2.55,2.78,3.03,3.3,3.61,3.92,4.19,4.34,4.3,4.01,3.5,2.82,2.08,1.4,0.87,0.59,0.59,0.89,1.37,1.88,2.24,2.32,2.16,1.86,1.5,1.06,0.56,0
319,mouse_CY_1,1,27.9,137,384,1.62,0.57,10/6/2022 14:48,0,0,0,0,0,0,0,0,0,0,0,0,0,0,0,0,0,0,0,0,0,0,0,0,0,0,0,0,0,0,0,0,0.06,0.15,0.23,0.27,0.27,0.23,0.18,0.15,0.15,0.16,0.18,0.18,0.18,0.17,0.17,0.17,0.18,0.2,0.23,0.27,0.33,0.39,0.44,0.5,0.54,0.58,0.63,0.71,0.84,1.04,1.3,1.62,1.97,2.32,2.67,3,3.33,3.66,3.98,4.28,4.53,4.71,4.81,4.86,4.89,4.96,5.06,5.16,5.15,4.93,4.41,3.6,2.59,1.55,0.69,0.17,0,0,0,0,0,0,0,0,0,0,0,0,0
332,mouse_CY_19,19,1.55,106,302,2.57,0.57,10/6/2022 14:58,0,0,0,0,0,0,0,0,0,0,0,0,0,0,0,0,0,0,0,0,0,0,0,0,0,0,0,0,0,0,0,0.16,0.57,1.12,1.59,1.83,1.77,1.47,1.09,0.77,0.58,0.53,0.57,0.63,0.67,0.69,0.67,0.64,0.61,0.61,0.65,0.7,0.77,0.83,0.87,0.87,0.82,0.73,0.64,0.6,0.65,0.83,1.14,1.54,1.96,2.31,2.55,2.65,2.65,2.61,2.62,2.72,2.97,3.35,3.87,4.47,5.1,5.66,5.98,5.93,5.36,4.29,2.87,1.44,0.41,0,0,0,0,0,0,0,0,0,0,0,0,0,0,0,0
333,mouse_CY_19,19,15.6,594,2200,2.14,0.57,10/6/2022 14:58,0,0,0,0,0,0,0,0,0,0,0,0,0,0,0,0,0,0,0,0,0,0,0,0,0,0,0,0,0,0,0,0.06,0.25,0.49,0.71,0.82,0.79,0.66,0.49,0.35,0.26,0.23,0.25,0.27,0.29,0.3,0.29,0.28,0.27,0.27,0.29,0.31,0.34,0.37,0.39,0.39,0.37,0.34,0.3,0.28,0.3,0.37,0.5,0.67,0.85,1,1.11,1.17,1.2,1.22,1.26,1.33,1.44,1.57,1.73,1.92,2.13,2.35,2.55,2.68,2.68,2.52,2.21,1.8,1.41,1.17,1.2,1.54,2.17,3.02,3.95,4.82,5.45,5.73,5.61,5.12,4.38,3.47,2.42,1.25,0
405,mouse_CY_9,9,22.4,114,271,4.45,0.57,10/6/2022 15:51,0,0,0,0,0,0,0,0,0,0,0,0,0,0,0,0,0,0,0,0,0,0,0,0,0,0,0,0,0,0,0,0,0.07,0.15,0.21,0.24,0.22,0.19,0.16,0.17,0.2,0.24,0.26,0.26,0.24,0.22,0.2,0.2,0.2,0.21,0.23,0.25,0.3,0.38,0.48,0.6,0.74,0.86,0.97,1.06,1.17,1.32,1.55,1.88,2.29,2.72,3.14,3.49,3.8,4.09,4.4,4.75,5.13,5.5,5.83,6.08,6.21,6.18,5.91,5.32,4.37,3.1,1.72,0.57,0,0,0,0,0,0,0,0,0,0,0,0,0,0,0,0,0
331,mouse_CY_19,19,2.1,132,387,2.56,0.58,10/6/2022 14:57,0,0,0,0,0,0,0,0,0,0,0,0,0,0,0,0,0,0,0,0,0,0,0,0,0,0,0,0,0,0,0,0.14,0.5,0.97,1.39,1.59,1.53,1.28,0.95,0.68,0.52,0.49,0.52,0.57,0.6,0.61,0.58,0.55,0.54,0.54,0.57,0.62,0.68,0.73,0.76,0.76,0.72,0.65,0.58,0.56,0.61,0.77,1.04,1.39,1.74,2.05,2.25,2.35,2.38,2.39,2.45,2.57,2.77,3.03,3.34,3.71,4.13,4.6,5.08,5.47,5.64,5.46,4.87,3.9,2.69,1.5,0.57,0.08,0,0,0,0,0,0,0,0,0,0,0,0,0
403,mouse_CY_9,9,23.4,122,326,3.95,0.58,10/6/2022 15:50,0,0,0,0,0,0,0,0,0,0,0,0,0,0,0,0,0,0,0,0,0,0,0,0,0,0,0,0,0,0,0,0,0.07,0.14,0.21,0.24,0.23,0.2,0.18,0.18,0.22,0.25,0.27,0.26,0.23,0.2,0.18,0.18,0.19,0.2,0.22,0.24,0.28,0.35,0.45,0.56,0.69,0.81,0.91,1,1.09,1.22,1.41,1.69,2.04,2.44,2.83,3.21,3.56,3.92,4.28,4.63,4.92,5.12,5.2,5.21,5.2,5.23,5.31,5.34,5.17,4.63,3.64,2.33,1.04,0.19,0,0,0,0,0,0,0,0,0,0,0,0,0,0,0
317,mouse_CY_1,1,27.6,137,357,3.85,0.59,10/6/2022 14:47,0,0,0,0,0,0,0,0,0,0,0,0,0,0,0,0,0,0,0,0,0,0,0,0,0,0,0,0,0,0,0,0,0.07,0.16,0.25,0.3,0.29,0.24,0.19,0.15,0.15,0.16,0.17,0.18,0.18,0.18,0.18,0.18,0.19,0.2,0.23,0.28,0.33,0.39,0.45,0.51,0.55,0.59,0.63,0.7,0.82,1,1.25,1.57,1.93,2.3,2.67,3.02,3.36,3.68,3.98,4.24,4.46,4.61,4.73,4.85,5.01,5.26,5.55,5.78,5.8,5.44,4.61,3.36,1.93,0.69,0,0,0,0,0,0,0,0,0,0,0,0,0,0,0
318,mouse_CY_1,1,28,136,359,1.59,0.59,10/6/2022 14:48,0,0,0,0,0,0,0,0,0,0,0,0,0,0,0,0,0,0,0,0,0,0,0,0,0,0,0,0,0,0,0,0,0,0.14,0.23,0.28,0.28,0.24,0.19,0.16,0.15,0.17,0.18,0.18,0.18,0.18,0.17,0.18,0.18,0.2,0.23,0.28,0.33,0.39,0.45,0.5,0.55,0.58,0.63,0.7,0.83,1.02,1.29,1.61,1.97,2.34,2.69,3.01,3.32,3.63,3.94,4.26,4.56,4.83,5.06,5.24,5.38,5.48,5.53,5.47,5.23,4.75,4.02,3.07,2.04,1.1,0.4,0,0,0,0,0,0,0,0,0,0,0,0,0,0
401,mouse_CY_9,9,23.1,128,309,4.03,0.59,10/6/2022 15:49,0,0,0,0,0,0,0,0,0,0,0,0,0,0,0,0,0,0,0,0,0,0,0,0,0,0,0,0,0,0,0,0,0.1,0.2,0.28,0.31,0.28,0.24,0.2,0.19,0.21,0.24,0.26,0.25,0.23,0.2,0.19,0.18,0.19,0.19,0.21,0.23,0.27,0.34,0.44,0.56,0.68,0.79,0.89,0.96,1.04,1.16,1.34,1.6,1.94,2.32,2.69,3.04,3.36,3.68,4.02,4.38,4.74,5.08,5.37,5.62,5.84,6.02,6.1,5.96,5.46,4.52,3.18,1.71,0.52,0,0,0,0,0,0,0,0,0,0,0,0,0,0,0,0
402,mouse_CY_9,9,24.6,129,326,3.51,0.59,10/6/2022 15:49,0,0,0,0,0,0,0,0,0,0,0,0,0,0,0,0,0,0,0,0,0,0,0,0,0,0,0,0,0,0,0,0,0.08,0.16,0.23,0.25,0.24,0.2,0.17,0.17,0.2,0.23,0.25,0.24,0.22,0.19,0.18,0.17,0.18,0.19,0.2,0.22,0.26,0.33,0.43,0.54,0.66,0.77,0.87,0.95,1.03,1.15,1.33,1.6,1.94,2.32,2.7,3.07,3.41,3.75,4.09,4.43,4.75,5.01,5.2,5.35,5.48,5.63,5.75,5.75,5.48,4.8,3.69,2.31,1,0.18,0,0,0,0,0,0,0,0,0,0,0,0,0,0,0
404,mouse_CY_9,9,24.5,126,348,3.8,0.59,10/6/2022 15:50,0,0,0,0,0,0,0,0,0,0,0,0,0,0,0,0,0,0,0,0,0,0,0,0,0,0,0,0,0,0,0,0,0.07,0.14,0.2,0.22,0.21,0.17,0.15,0.16,0.19,0.23,0.25,0.25,0.22,0.2,0.18,0.18,0.18,0.19,0.21,0.23,0.27,0.34,0.43,0.55,0.68,0.8,0.9,0.99,1.07,1.19,1.37,1.62,1.95,2.33,2.72,3.11,3.49,3.87,4.24,4.58,4.83,4.97,4.97,4.9,4.84,4.88,5.05,5.26,5.35,5.08,4.31,3.07,1.65,0.51,0,0,0,0,0,0,0,0,0,0,0,0,0,0,0
434,mouse_CY_3,3,26.3,122,313,3.23,0.6,10/6/2022 16:10,0,0,0,0,0,0,0,0,0,0,0,0,0,0,0,0,0,0,0,0,0,0,0,0,0,0,0,0,0,0,0,0,0,0,0.14,0.23,0.28,0.28,0.25,0.2,0.17,0.16,0.17,0.17,0.16,0.16,0.16,0.17,0.18,0.2,0.21,0.23,0.26,0.32,0.4,0.5,0.61,0.72,0.83,0.94,1.07,1.24,1.49,1.81,2.18,2.57,2.94,3.27,3.59,3.92,4.3,4.71,5.11,5.43,5.61,5.67,5.63,5.54,5.42,5.22,4.84,4.18,3.18,1.98,0.86,0.15,0,0,0,0,0,0,0,0,0,0,0,0,0,0,0
316,mouse_CY_1,1,29.3,149,385,3.19,0.62,10/6/2022 14:47,0,0,0,0,0,0,0,0,0,0,0,0,0,0,0,0,0,0,0,0,0,0,0,0,0,0,0,0,0,0,0,0,0.07,0.16,0.25,0.29,0.29,0.25,0.19,0.16,0.15,0.16,0.17,0.17,0.17,0.17,0.17,0.17,0.18,0.19,0.22,0.26,0.31,0.36,0.42,0.47,0.51,0.54,0.59,0.66,0.77,0.93,1.16,1.45,1.76,2.09,2.43,2.76,3.09,3.43,3.76,4.06,4.3,4.48,4.6,4.7,4.84,5.08,5.41,5.75,5.95,5.82,5.21,4.12,2.71,1.32,0.34,0,0,0,0,0,0,0,0,0,0,0,0,0,0
336,mouse_CY_6,6,34.5,180,435,2.99,0.62,10/6/2022 15:02,0,0,0,0,0,0,0,0,0,0,0,0,0,0,0,0,0,0,0,0,0,0,0,0,0,0,0,0,0,0,0,0,0,0.14,0.22,0.27,0.27,0.24,0.19,0.16,0.15,0.15,0.16,0.16,0.15,0.14,0.13,0.13,0.13,0.14,0.17,0.2,0.24,0.29,0.34,0.39,0.43,0.46,0.5,0.57,0.66,0.81,1,1.24,1.51,1.79,2.08,2.38,2.69,3.01,3.33,3.61,3.83,3.97,4.07,4.17,4.36,4.71,5.23,5.84,6.39,6.65,6.41,5.58,4.22,2.6,1.13,0.22,0,0,0,0,0,0,0,0,0,0,0,0,0
433,mouse_CY_3,3,31.7,150,406,2.88,0.62,10/6/2022 16:10,0,0,0,0,0,0,0,0,0,0,0,0,0,0,0,0,0,0,0,0,0,0,0,0,0,0,0,0,0,0,0,0,0,0.14,0.2,0.23,0.21,0.18,0.14,0.13,0.14,0.16,0.16,0.16,0.15,0.13,0.13,0.13,0.14,0.15,0.17,0.18,0.21,0.25,0.32,0.41,0.51,0.61,0.7,0.78,0.86,0.96,1.12,1.34,1.64,1.99,2.36,2.75,3.15,3.54,3.93,4.27,4.52,4.65,4.66,4.59,4.55,4.62,4.87,5.26,5.64,5.8,5.51,4.66,3.36,1.89,0.66,0,0,0,0,0,0,0,0,0,0,0,0,0,0
337,mouse_CY_6,6,36.5,192,494,2.7,0.64,10/6/2022 15:02,0,0,0,0,0,0,0,0,0,0,0,0,0,0,0,0,0,0,0,0,0,0,0,0,0,0,0,0,0,0,0,0,0,0.12,0.2,0.24,0.25,0.22,0.18,0.15,0.14,0.15,0.15,0.15,0.14,0.13,0.12,0.12,0.12,0.13,0.16,0.19,0.23,0.28,0.32,0.36,0.39,0.42,0.46,0.52,0.62,0.77,0.97,1.22,1.49,1.76,2.02,2.28,2.54,2.82,3.11,3.39,3.63,3.83,3.97,4.09,4.23,4.45,4.79,5.22,5.66,5.99,6.05,5.75,5.02,3.92,2.61,1.36,0.42,0,0,0,0,0,0,0,0,0,0,0,0
340,mouse_CY_6,6,33.6,163,405,2.38,0.64,10/6/2022 15:03,0,0,0,0,0,0,0,0,0,0,0,0,0,0,0,0,0,0,0,0,0,0,0,0,0,0,0,0,0,0,0,0,0,0.12,0.2,0.25,0.26,0.23,0.19,0.16,0.15,0.15,0.16,0.16,0.15,0.14,0.14,0.14,0.14,0.15,0.17,0.21,0.25,0.3,0.35,0.39,0.44,0.47,0.52,0.59,0.7,0.86,1.07,1.34,1.65,1.97,2.31,2.64,2.97,3.3,3.62,3.9,4.11,4.27,4.38,4.5,4.7,5.03,5.47,5.93,6.25,6.23,5.74,4.74,3.33,1.82,0.6,0,0,0,0,0,0,0,0,0,0,0,0,0,0
338,mouse_CY_6,6,37.3,197,465,3,0.65,10/6/2022 15:02,0,0,0,0,0,0,0,0,0,0,0,0,0,0,0,0,0,0,0,0,0,0,0,0,0,0,0,0,0,0,0,0,0,0.11,0.19,0.23,0.24,0.21,0.17,0.14,0.14,0.14,0.15,0.15,0.14,0.13,0.12,0.12,0.12,0.13,0.15,0.18,0.22,0.27,0.31,0.36,0.39,0.43,0.47,0.53,0.62,0.75,0.93,1.15,1.41,1.69,1.99,2.3,2.62,2.93,3.23,3.47,3.63,3.72,3.76,3.81,3.98,4.34,4.92,5.63,6.34,6.81,6.83,6.25,5.07,3.48,1.84,0.58,0,0,0,0,0,0,0,0,0,0,0,0,0
339,mouse_CY_6,6,36.6,185,440,2.88,0.65,10/6/2022 15:03,0,0,0,0,0,0,0,0,0,0,0,0,0,0,0,0,0,0,0,0,0,0,0,0,0,0,0,0,0,0,0,0,0,0.1,0.18,0.23,0.24,0.21,0.18,0.15,0.14,0.15,0.15,0.15,0.14,0.13,0.13,0.13,0.13,0.14,0.16,0.19,0.23,0.28,0.32,0.37,0.4,0.44,0.48,0.54,0.63,0.76,0.95,1.18,1.44,1.73,2.02,2.34,2.66,2.99,3.31,3.6,3.83,3.98,4.09,4.21,4.41,4.76,5.27,5.88,6.43,6.69,6.48,5.68,4.34,2.73,1.24,0.28,0,0,0,0,0,0,0,0,0,0,0,0,0
441,mouse_CY_13,13,40.3,982,2350,3.93,0.71,10/6/2022 16:13,0,0,0,0,0,0,0,0,0,0,0,0,0,0,0,0,0,0,0,0,0,0,0,0,0,0,0,0,0,0,0,0,0,0.09,0.17,0.24,0.27,0.25,0.21,0.16,0.13,0.12,0.13,0.14,0.15,0.16,0.16,0.17,0.18,0.19,0.2,0.21,0.23,0.25,0.3,0.35,0.4,0.45,0.49,0.53,0.56,0.61,0.69,0.82,0.98,1.15,1.31,1.46,1.58,1.7,1.83,1.98,2.13,2.26,2.35,2.39,2.38,2.35,2.32,2.3,2.25,2.12,1.83,1.37,0.81,0.29,0,0,0.34,1.39,3.07,4.93,6.42,7.16,7.12,6.54,5.63,4.5,3.14,1.63,0
440,mouse_CY_13,13,13,115,325,4.18,0.77,10/6/2022 16:13,0,0,0,0,0,0,0,0,0,0,0,0,0,0,0,0,0,0,0,0,0,0,0,0,0,0,0,0,0,0,0,0,0.13,0.29,0.44,0.52,0.52,0.45,0.37,0.31,0.29,0.3,0.32,0.33,0.33,0.34,0.35,0.37,0.4,0.42,0.45,0.47,0.51,0.57,0.65,0.74,0.85,0.96,1.04,1.12,1.21,1.33,1.52,1.78,2.11,2.47,2.8,3.08,3.32,3.53,3.75,3.99,4.23,4.45,4.63,4.77,4.91,5.05,5.19,5.23,5.05,4.52,3.57,2.32,1.09,0.25,0,0,0,0,0,0,0,0,0,0,0,0,0,0,0
399,mouse_CY_10,10,25.4,145,433,2.07,0.8,10/6/2022 15:47,0,0,0,0,0,0,0,0,0,0,0,0,0,0,0,0,0,0,0,0,0,0,0,0,0,0,0,0,0,0,0,0,0.08,0.17,0.24,0.27,0.25,0.2,0.17,0.16,0.18,0.2,0.23,0.23,0.22,0.21,0.2,0.19,0.19,0.2,0.21,0.23,0.26,0.32,0.39,0.49,0.6,0.71,0.82,0.92,1.02,1.15,1.33,1.57,1.85,2.17,2.49,2.8,3.1,3.4,3.7,3.96,4.16,4.26,4.24,4.16,4.09,4.12,4.32,4.68,5.11,5.41,5.37,4.85,3.86,2.58,1.32,0.4,0,0,0,0,0,0,0,0,0,0,0,0,0
400,mouse_CY_10,10,21.9,131,381,2.78,0.8,10/6/2022 15:47,0,0,0,0,0,0,0,0,0,0,0,0,0,0,0,0,0,0,0,0,0,0,0,0,0,0,0,0,0,0,0,0,0.09,0.18,0.26,0.29,0.28,0.23,0.19,0.18,0.2,0.23,0.25,0.25,0.24,0.23,0.22,0.22,0.22,0.22,0.24,0.26,0.3,0.37,0.46,0.57,0.7,0.83,0.95,1.06,1.18,1.33,1.53,1.79,2.1,2.43,2.77,3.07,3.34,3.59,3.81,4,4.13,4.19,4.19,4.19,4.25,4.43,4.76,5.16,5.46,5.46,4.98,3.97,2.61,1.26,0.33,0,0,0,0,0,0,0,0,0,0,0,0,0,0
398,mouse_CY_10,10,60.4,1400,2640,5.64,0.87,10/6/2022 15:46,0,0,0,0,0,0,0,0,0,0,0,0,0,0,0,0,0,0,0,0,0,0,0,0,0,0,0,0,0,0,0,0,0,0,0.09,0.11,0.11,0.1,0.08,0.08,0.08,0.09,0.1,0.1,0.09,0.09,0.09,0.08,0.08,0.09,0.09,0.1,0.11,0.13,0.17,0.21,0.25,0.3,0.34,0.38,0.42,0.48,0.55,0.66,0.79,0.94,1.1,1.26,1.41,1.55,1.69,1.8,1.88,1.94,1.97,2.01,2.11,2.27,2.51,2.76,2.91,2.85,2.5,1.87,1.09,0.4,0.01,0,0,0,0.25,1.47,3.62,6.14,8.29,9.45,9.28,7.86,5.56,2.86,0
324,mouse_CY_17,17,3.72,169,1770,2.09,0.88,10/6/2022 14:52,0,0,0,0,0,0,0,0,0,0,0,0,0,0,0,0,0,0,0,0,0,0,0,0,0,0,0,0,0,0,0,0.16,0.5,0.9,1.2,1.31,1.2,0.94,0.65,0.44,0.34,0.34,0.39,0.45,0.49,0.51,0.5,0.48,0.46,0.46,0.47,0.49,0.53,0.57,0.6,0.62,0.62,0.61,0.6,0.61,0.66,0.78,0.97,1.21,1.46,1.7,1.91,2.08,2.22,2.34,2.47,2.6,2.72,2.81,2.88,2.93,3,3.11,3.27,3.45,3.59,3.59,3.38,2.94,2.3,1.55,0.84,0.31,0.1,0.27,0.79,1.53,2.24,2.72,2.86,2.7,2.34,1.89,1.34,0.7,0
323,mouse_CY_17,17,1.6,87,297,2.51,0.89,10/6/2022 14:51,0,0,0,0,0,0,0,0,0,0,0,0,0,0,0,0,0,0,0,0,0,0,0,0,0,0,0,0,0,0,0,0.21,0.68,1.23,1.66,1.81,1.67,1.32,0.93,0.63,0.49,0.49,0.56,0.64,0.69,0.71,0.7,0.67,0.65,0.64,0.65,0.69,0.74,0.8,0.84,0.87,0.87,0.85,0.83,0.85,0.92,1.09,1.35,1.69,2.07,2.44,2.75,3,3.2,3.36,3.53,3.69,3.85,4.01,4.14,4.25,4.35,4.43,4.44,4.33,4.02,3.43,2.6,1.66,0.8,0.21,0,0,0,0,0,0,0,0,0,0,0,0,0,0,0
325,mouse_CY_17,17,1.51,85.2,296,2.18,0.89,10/6/2022 14:52,0,0,0,0,0,0,0,0,0,0,0,0,0,0,0,0,0,0,0,0,0,0,0,0,0,0,0,0,0,0,0,0.23,0.71,1.28,1.72,1.87,1.71,1.35,0.94,0.62,0.47,0.46,0.53,0.62,0.68,0.71,0.7,0.67,0.65,0.63,0.64,0.68,0.72,0.78,0.83,0.86,0.87,0.86,0.85,0.87,0.96,1.14,1.43,1.79,2.19,2.55,2.85,3.06,3.2,3.3,3.4,3.52,3.68,3.85,4.03,4.2,4.36,4.48,4.51,4.38,4.03,3.42,2.57,1.63,0.77,0.2,0,0,0,0,0,0,0,0,0,0,0,0,0,0,0
350,mouse_CY_11,11,10.1,137,395,1.43,0.89,10/6/2022 15:10,0,0,0,0,0,0,0,0,0,0,0,0,0,0,0,0,0,0,0,0,0,0,0,0,0,0,0,0,0,0,0,0.06,0.25,0.5,0.72,0.83,0.79,0.65,0.46,0.31,0.23,0.22,0.25,0.3,0.34,0.37,0.38,0.39,0.39,0.41,0.44,0.48,0.53,0.59,0.65,0.7,0.75,0.79,0.83,0.89,0.98,1.12,1.32,1.55,1.81,2.07,2.3,2.52,2.72,2.93,3.14,3.36,3.56,3.74,3.91,4.09,4.3,4.59,4.92,5.24,5.44,5.37,4.94,4.11,2.97,1.73,0.68,0.09,0,0,0,0,0,0,0,0,0,0,0,0,0
432,mouse_CY_15,15,4.69,82.4,285,5.01,0.9,10/6/2022 16:09,0,0,0,0,0,0,0,0,0,0,0,0,0,0,0,0,0,0,0,0,0,0,0,0,0,0,0,0,0,0,0,0,0.19,0.53,0.9,1.16,1.21,1.06,0.79,0.52,0.36,0.32,0.36,0.42,0.48,0.52,0.54,0.55,0.55,0.54,0.52,0.51,0.51,0.56,0.66,0.81,1,1.21,1.41,1.58,1.74,1.91,2.13,2.39,2.7,3,3.26,3.44,3.57,3.68,3.83,4,4.17,4.29,4.31,4.25,4.15,4.07,4.03,3.97,3.78,3.3,2.45,1.38,0.44,0,0,0,0,0,0,0,0,0,0,0,0,0,0,0,0
349,mouse_CY_11,11,9.41,133,352,3.73,0.92,10/6/2022 15:10,0,0,0,0,0,0,0,0,0,0,0,0,0,0,0,0,0,0,0,0,0,0,0,0,0,0,0,0,0,0,0,0.06,0.25,0.51,0.74,0.85,0.82,0.67,0.48,0.33,0.25,0.23,0.26,0.31,0.35,0.38,0.4,0.4,0.41,0.42,0.45,0.49,0.55,0.61,0.67,0.73,0.77,0.8,0.83,0.88,0.97,1.12,1.33,1.6,1.9,2.21,2.49,2.72,2.91,3.06,3.17,3.27,3.37,3.5,3.7,4.02,4.5,5.1,5.74,6.22,6.33,5.86,4.77,3.22,1.61,0.42,0,0,0,0,0,0,0,0,0,0,0,0,0,0,0
322,mouse_CY_17,17,2.43,115,431,1.74,0.93,10/6/2022 14:51,0,0,0,0,0,0,0,0,0,0,0,0,0,0,0,0,0,0,0,0,0,0,0,0,0,0,0,0,0,0,0,0.18,0.57,1.03,1.4,1.54,1.42,1.13,0.8,0.55,0.44,0.43,0.49,0.56,0.6,0.62,0.61,0.58,0.56,0.55,0.56,0.59,0.63,0.68,0.72,0.74,0.75,0.73,0.72,0.73,0.79,0.93,1.15,1.44,1.75,2.05,2.31,2.52,2.69,2.86,3.03,3.23,3.42,3.59,3.71,3.78,3.81,3.84,3.9,3.98,4.06,4.08,3.96,3.66,3.16,2.47,1.68,0.91,0.31,0,0,0,0,0,0,0,0,0,0,0,0
348,mouse_CY_11,11,10.3,146,410,1.63,0.93,10/6/2022 15:09,0,0,0,0,0,0,0,0,0,0,0,0,0,0,0,0,0,0,0,0,0,0,0,0,0,0,0,0,0,0,0,0.06,0.24,0.49,0.7,0.8,0.77,0.63,0.45,0.31,0.24,0.23,0.26,0.3,0.34,0.37,0.38,0.39,0.39,0.41,0.44,0.48,0.53,0.58,0.63,0.68,0.72,0.75,0.79,0.84,0.93,1.06,1.25,1.47,1.72,1.96,2.2,2.41,2.62,2.82,3.03,3.24,3.42,3.57,3.71,3.86,4.09,4.43,4.87,5.34,5.7,5.78,5.43,4.6,3.37,1.99,0.81,0.12,0,0,0,0,0,0,0,0,0,0,0,0,0
347,mouse_CY_11,11,8.91,136,383,2.95,0.95,10/6/2022 15:09,0,0,0,0,0,0,0,0,0,0,0,0,0,0,0,0,0,0,0,0,0,0,0,0,0,0,0,0,0,0,0,0.06,0.25,0.51,0.74,0.85,0.82,0.67,0.49,0.34,0.27,0.26,0.29,0.33,0.37,0.4,0.41,0.41,0.42,0.44,0.47,0.51,0.56,0.62,0.68,0.73,0.76,0.8,0.83,0.89,0.98,1.12,1.32,1.56,1.82,2.08,2.32,2.54,2.74,2.92,3.1,3.28,3.43,3.57,3.72,3.91,4.2,4.6,5.09,5.56,5.83,5.74,5.14,4.05,2.65,1.27,0.31,0,0,0,0,0,0,0,0,0,0,0,0,0,0
321,mouse_CY_17,17,1.88,96.6,354,2.21,0.96,10/6/2022 14:50,0,0,0,0,0,0,0,0,0,0,0,0,0,0,0,0,0,0,0,0,0,0,0,0,0,0,0,0,0,0,0,0.2,0.64,1.15,1.55,1.69,1.56,1.23,0.87,0.6,0.48,0.48,0.54,0.62,0.68,0.7,0.68,0.65,0.62,0.61,0.62,0.65,0.69,0.74,0.78,0.81,0.82,0.81,0.79,0.81,0.88,1.04,1.28,1.6,1.94,2.28,2.57,2.81,3,3.17,3.31,3.44,3.55,3.64,3.7,3.75,3.83,3.96,4.14,4.29,4.33,4.15,3.69,2.95,2.04,1.13,0.42,0,0,0,0,0,0,0,0,0,0,0,0,0,0
355,mouse_CY_20,20,1.16,78.1,249,3.41,0.98,10/6/2022 15:14,0,0,0,0,0,0,0,0,0,0,0,0,0,0,0,0,0,0,0,0,0,0,0,0,0,0,0,0,0,0,0,0.31,0.93,1.65,2.19,2.37,2.16,1.69,1.16,0.75,0.54,0.52,0.59,0.69,0.77,0.79,0.78,0.74,0.7,0.69,0.7,0.74,0.8,0.86,0.9,0.92,0.92,0.89,0.86,0.87,0.95,1.13,1.4,1.74,2.1,2.41,2.63,2.76,2.83,2.9,3.02,3.24,3.58,4.01,4.5,4.96,5.32,5.45,5.22,4.56,3.49,2.17,0.94,0.16,0,0,0,0,0,0,0,0,0,0,0,0,0,0,0,0,0
397,mouse_CY_10,10,60.9,1330,2630,5.25,0.98,10/6/2022 15:46,0,0,0,0,0,0,0,0,0,0,0,0,0,0,0,0,0,0,0,0,0,0,0,0,0,0,0,0,0,0,0,0,0,0.07,0.11,0.12,0.12,0.1,0.08,0.08,0.08,0.09,0.1,0.1,0.09,0.09,0.08,0.08,0.08,0.08,0.09,0.09,0.11,0.13,0.16,0.2,0.24,0.29,0.33,0.37,0.41,0.47,0.54,0.65,0.77,0.92,1.08,1.24,1.4,1.56,1.71,1.84,1.94,2.02,2.08,2.14,2.23,2.39,2.59,2.8,2.92,2.86,2.54,1.96,1.22,0.53,0.1,0,0,0,0.39,1.67,3.73,6.07,8.04,9.08,8.9,7.55,5.35,2.76,0
354,mouse_CY_20,20,1.13,71.5,228,2.58,0.99,10/6/2022 15:13,0,0,0,0,0,0,0,0,0,0,0,0,0,0,0,0,0,0,0,0,0,0,0,0,0,0,0,0,0,0,0,0.31,0.96,1.7,2.26,2.45,2.24,1.75,1.2,0.78,0.57,0.55,0.63,0.73,0.81,0.84,0.82,0.78,0.74,0.72,0.74,0.78,0.84,0.9,0.95,0.97,0.96,0.93,0.91,0.93,1.02,1.21,1.5,1.85,2.2,2.5,2.71,2.82,2.89,2.97,3.14,3.43,3.86,4.36,4.87,5.28,5.46,5.31,4.76,3.81,2.58,1.33,0.4,0,0,0,0,0,0,0,0,0,0,0,0,0,0,0,0,0,0
346,mouse_CY_11,11,10.1,158,428,2.92,1,10/6/2022 15:08,0,0,0,0,0,0,0,0,0,0,0,0,0,0,0,0,0,0,0,0,0,0,0,0,0,0,0,0,0,0,0,0,0.24,0.48,0.69,0.8,0.76,0.63,0.46,0.33,0.26,0.26,0.29,0.33,0.36,0.38,0.39,0.39,0.4,0.41,0.44,0.48,0.53,0.58,0.63,0.67,0.71,0.74,0.78,0.83,0.91,1.04,1.22,1.43,1.66,1.89,2.11,2.32,2.51,2.69,2.87,3.01,3.12,3.19,3.25,3.36,3.6,4.04,4.67,5.4,6.05,6.38,6.18,5.36,4,2.39,0.96,0.13,0,0,0,0,0,0,0,0,0,0,0,0,0
431,mouse_CY_15,15,6.37,106,350,3.89,1,10/6/2022 16:09,0,0,0,0,0,0,0,0,0,0,0,0,0,0,0,0,0,0,0,0,0,0,0,0,0,0,0,0,0,0,0,0.12,0.37,0.68,0.91,0.99,0.91,0.72,0.51,0.37,0.31,0.33,0.37,0.41,0.43,0.45,0.46,0.47,0.46,0.46,0.45,0.45,0.46,0.5,0.58,0.71,0.86,1.02,1.19,1.34,1.48,1.63,1.81,2.03,2.28,2.54,2.76,2.93,3.05,3.17,3.3,3.45,3.6,3.74,3.84,3.92,4.04,4.24,4.51,4.8,4.96,4.8,4.18,3.12,1.84,0.7,0,0,0,0,0,0,0,0,0,0,0,0,0,0,0
353,mouse_CY_20,20,1.16,75.3,233,3.09,1.01,10/6/2022 15:13,0,0,0,0,0,0,0,0,0,0,0,0,0,0,0,0,0,0,0,0,0,0,0,0,0,0,0,0,0,0,0,0.3,0.91,1.64,2.19,2.39,2.2,1.73,1.2,0.78,0.56,0.53,0.6,0.71,0.79,0.83,0.81,0.78,0.74,0.72,0.73,0.77,0.83,0.89,0.93,0.96,0.94,0.91,0.88,0.89,0.97,1.15,1.44,1.79,2.16,2.47,2.68,2.78,2.81,2.85,2.97,3.24,3.66,4.22,4.83,5.38,5.71,5.69,5.19,4.2,2.85,1.45,0.4,0,0,0,0,0,0,0,0,0,0,0,0,0,0,0,0,0,0
439,mouse_CY_13,13,29.1,324,2220,2.86,1.01,10/6/2022 16:13,0,0,0,0,0,0,0,0,0,0,0,0,0,0,0,0,0,0,0,0,0,0,0,0,0,0,0,0,0,0,0,0,0.08,0.18,0.27,0.32,0.31,0.27,0.21,0.17,0.15,0.16,0.17,0.19,0.2,0.21,0.22,0.23,0.24,0.25,0.26,0.27,0.29,0.32,0.36,0.41,0.47,0.54,0.6,0.67,0.73,0.81,0.92,1.06,1.22,1.4,1.57,1.73,1.87,2,2.13,2.25,2.35,2.41,2.43,2.44,2.47,2.55,2.7,2.87,3,2.96,2.67,2.1,1.36,0.62,0.12,0,0.23,1.07,2.41,3.89,5.08,5.68,5.68,5.23,4.51,3.61,2.53,1.31,0
427,mouse_CY_22,22,14.9,134,380,2.44,1.03,10/6/2022 16:06,0,0,0,0,0,0,0,0,0,0,0,0,0,0,0,0,0,0,0,0,0,0,0,0,0,0,0,0,0,0,0,0,0.11,0.26,0.41,0.49,0.49,0.42,0.33,0.26,0.23,0.24,0.27,0.3,0.32,0.34,0.36,0.37,0.39,0.41,0.42,0.45,0.48,0.52,0.58,0.65,0.72,0.8,0.86,0.91,0.96,1.04,1.17,1.37,1.62,1.93,2.26,2.6,2.94,3.29,3.64,3.98,4.27,4.47,4.59,4.64,4.68,4.77,4.94,5.14,5.28,5.18,4.69,3.79,2.58,1.35,0.43,0,0,0,0,0,0,0,0,0,0,0,0,0,0
428,mouse_CY_22,22,16.6,143,389,2.41,1.03,10/6/2022 16:07,0,0,0,0,0,0,0,0,0,0,0,0,0,0,0,0,0,0,0,0,0,0,0,0,0,0,0,0,0,0,0,0,0,0.11,0.25,0.38,0.46,0.46,0.4,0.32,0.26,0.24,0.25,0.27,0.29,0.32,0.34,0.36,0.38,0.39,0.41,0.43,0.45,0.49,0.55,0.62,0.7,0.78,0.83,0.88,0.93,1,1.12,1.31,1.57,1.87,2.2,2.53,2.86,3.18,3.51,3.81,4.07,4.25,4.37,4.45,4.57,4.78,5.1,5.46,5.71,5.67,5.17,4.17,2.82,1.46,0.44,0,0,0,0,0,0,0,0,0,0,0,0,0,0
395,mouse_CY_18,18,10.2,131,428,2.21,1.04,10/6/2022 15:43,0,0,0,0,0,0,0,0,0,0,0,0,0,0,0,0,0,0,0,0,0,0,0,0,0,0,0,0,0,0,0,0,0.22,0.44,0.61,0.69,0.65,0.53,0.4,0.31,0.29,0.32,0.37,0.4,0.42,0.44,0.44,0.44,0.44,0.45,0.46,0.47,0.5,0.55,0.62,0.7,0.8,0.89,0.97,1.05,1.12,1.21,1.34,1.54,1.78,2.04,2.31,2.56,2.81,3.06,3.31,3.55,3.73,3.83,3.81,3.73,3.66,3.71,3.94,4.35,4.83,5.18,5.19,4.7,3.74,2.48,1.25,0.36,0,0,0,0,0,0,0,0,0,0,0,0,0
352,mouse_CY_20,20,1.23,85,288,2.02,1.05,10/6/2022 15:12,0,0,0,0,0,0,0,0,0,0,0,0,0,0,0,0,0,0,0,0,0,0,0,0,0,0,0,0,0,0,0,0.27,0.85,1.52,2.03,2.22,2.04,1.6,1.11,0.73,0.54,0.52,0.59,0.68,0.76,0.79,0.78,0.74,0.7,0.69,0.7,0.74,0.79,0.84,0.89,0.91,0.91,0.89,0.86,0.86,0.92,1.06,1.3,1.6,1.93,2.24,2.48,2.66,2.77,2.87,2.99,3.16,3.38,3.65,3.97,4.3,4.62,4.87,4.97,4.81,4.32,3.48,2.39,1.28,0.41,0,0,0,0,0,0,0,0,0,0,0,0,0,0,0,0
426,mouse_CY_22,22,14.5,132,392,2.22,1.05,10/6/2022 16:06,0,0,0,0,0,0,0,0,0,0,0,0,0,0,0,0,0,0,0,0,0,0,0,0,0,0,0,0,0,0,0,0,0.13,0.28,0.43,0.5,0.49,0.42,0.33,0.26,0.23,0.24,0.27,0.3,0.33,0.35,0.37,0.38,0.4,0.41,0.43,0.45,0.48,0.52,0.58,0.66,0.74,0.82,0.89,0.95,1.01,1.1,1.24,1.45,1.71,2.03,2.36,2.7,3.03,3.35,3.66,3.94,4.16,4.29,4.32,4.3,4.3,4.38,4.6,4.9,5.17,5.23,4.89,4.1,2.93,1.64,0.57,0,0,0,0,0,0,0,0,0,0,0,0,0,0
396,mouse_CY_10,10,60.6,547,2600,4.97,1.07,10/6/2022 15:45,0,0,0,0,0,0,0,0,0,0,0,0,0,0,0,0,0,0,0,0,0,0,0,0,0,0,0,0,0,0,0,0,0,0.09,0.13,0.15,0.14,0.12,0.1,0.09,0.09,0.1,0.1,0.1,0.09,0.09,0.08,0.08,0.08,0.08,0.09,0.09,0.11,0.13,0.16,0.2,0.24,0.28,0.33,0.37,0.41,0.46,0.53,0.63,0.75,0.9,1.07,1.24,1.43,1.62,1.8,1.95,2.08,2.16,2.2,2.25,2.34,2.5,2.74,3.02,3.24,3.28,3.05,2.51,1.73,0.91,0.28,0,0,0,0.3,1.41,3.3,5.49,7.37,8.41,8.29,7.06,5.01,2.58,0
420,mouse_CY_21,21,10.4,130,393,2.71,1.07,10/6/2022 16:01,0,0,0,0,0,0,0,0,0,0,0,0,0,0,0,0,0,0,0,0,0,0,0,0,0,0,0,0,0,0,0,0,0.18,0.37,0.55,0.63,0.61,0.51,0.4,0.32,0.3,0.31,0.34,0.37,0.39,0.41,0.42,0.43,0.45,0.47,0.5,0.53,0.57,0.62,0.69,0.77,0.86,0.93,0.98,1.02,1.05,1.09,1.18,1.34,1.56,1.83,2.13,2.45,2.77,3.12,3.47,3.8,4.08,4.25,4.3,4.27,4.23,4.29,4.48,4.79,5.1,5.21,4.92,4.15,2.97,1.66,0.58,0,0,0,0,0,0,0,0,0,0,0,0,0,0
419,mouse_CY_21,21,10.5,134,395,2.73,1.08,10/6/2022 16:01,0,0,0,0,0,0,0,0,0,0,0,0,0,0,0,0,0,0,0,0,0,0,0,0,0,0,0,0,0,0,0,0,0.18,0.37,0.54,0.63,0.6,0.51,0.39,0.31,0.29,0.31,0.34,0.37,0.39,0.41,0.42,0.44,0.45,0.48,0.5,0.53,0.56,0.61,0.68,0.75,0.83,0.91,0.96,1,1.03,1.07,1.17,1.33,1.55,1.82,2.12,2.42,2.72,3.04,3.35,3.66,3.91,4.08,4.17,4.2,4.25,4.38,4.65,5.01,5.32,5.41,5.07,4.24,3.01,1.67,0.57,0,0,0,0,0,0,0,0,0,0,0,0,0,0
351,mouse_CY_20,20,1.24,84.6,270,2.35,1.1,10/6/2022 15:12,0,0,0,0,0,0,0,0,0,0,0,0,0,0,0,0,0,0,0,0,0,0,0,0,0,0,0,0,0,0,0,0.26,0.82,1.48,2,2.19,2.03,1.61,1.13,0.76,0.57,0.55,0.62,0.71,0.77,0.8,0.78,0.75,0.72,0.7,0.72,0.76,0.81,0.86,0.9,0.92,0.91,0.88,0.86,0.86,0.93,1.08,1.32,1.63,1.96,2.26,2.48,2.63,2.72,2.8,2.9,3.08,3.35,3.72,4.16,4.64,5.08,5.39,5.43,5.07,4.26,3.06,1.71,0.58,0,0,0,0,0,0,0,0,0,0,0,0,0,0,0,0,0
418,mouse_CY_21,21,11.5,143,442,2.15,1.11,10/6/2022 16:00,0,0,0,0,0,0,0,0,0,0,0,0,0,0,0,0,0,0,0,0,0,0,0,0,0,0,0,0,0,0,0,0,0.17,0.36,0.52,0.6,0.57,0.48,0.38,0.31,0.29,0.3,0.34,0.36,0.38,0.39,0.4,0.41,0.43,0.45,0.47,0.5,0.53,0.58,0.64,0.71,0.79,0.86,0.92,0.96,0.99,1.05,1.14,1.29,1.5,1.74,2,2.27,2.56,2.87,3.21,3.54,3.84,4.04,4.13,4.11,4.06,4.06,4.18,4.45,4.82,5.12,5.18,4.83,4.02,2.85,1.57,0.51,0,0,0,0,0,0,0,0,0,0,0,0,0
430,mouse_CY_15,15,24.1,401,2270,2.77,1.14,10/6/2022 16:08,0,0,0,0,0,0,0,0,0,0,0,0,0,0,0,0,0,0,0,0,0,0,0,0,0,0,0,0,0,0,0,0,0.18,0.35,0.48,0.53,0.5,0.41,0.31,0.23,0.21,0.21,0.23,0.25,0.26,0.27,0.27,0.28,0.28,0.28,0.28,0.28,0.28,0.3,0.33,0.37,0.42,0.48,0.53,0.58,0.62,0.68,0.76,0.87,1.01,1.16,1.3,1.42,1.53,1.64,1.74,1.84,1.93,1.98,1.99,1.99,2.02,2.12,2.32,2.61,2.9,3.09,3.02,2.62,1.92,1.07,0.34,0.01,0.26,1.19,2.62,4.15,5.37,6,6.03,5.59,4.86,3.9,2.73,1.42,0
394,mouse_CY_18,18,9.21,120,405,2.44,1.16,10/6/2022 15:43,0,0,0,0,0,0,0,0,0,0,0,0,0,0,0,0,0,0,0,0,0,0,0,0,0,0,0,0,0,0,0,0,0.19,0.4,0.58,0.68,0.66,0.56,0.44,0.36,0.34,0.36,0.4,0.43,0.44,0.46,0.47,0.47,0.48,0.48,0.49,0.51,0.54,0.59,0.66,0.74,0.84,0.93,1.01,1.08,1.16,1.26,1.4,1.6,1.85,2.14,2.44,2.73,3.02,3.3,3.57,3.8,3.95,3.98,3.9,3.75,3.64,3.66,3.87,4.27,4.73,5.03,4.95,4.36,3.3,1.98,0.77,0,0,0,0,0,0,0,0,0,0,0,0,0,0
393,mouse_CY_18,18,15.6,219,1900,1.89,1.21,10/6/2022 15:42,0,0,0,0,0,0,0,0,0,0,0,0,0,0,0,0,0,0,0,0,0,0,0,0,0,0,0,0,0,0,0,0,0.17,0.34,0.49,0.55,0.52,0.43,0.33,0.26,0.24,0.26,0.29,0.32,0.34,0.35,0.36,0.36,0.36,0.36,0.37,0.38,0.4,0.44,0.49,0.55,0.62,0.69,0.75,0.8,0.86,0.93,1.04,1.18,1.36,1.56,1.76,1.96,2.15,2.34,2.53,2.71,2.84,2.9,2.89,2.82,2.76,2.77,2.9,3.15,3.44,3.65,3.64,3.31,2.65,1.8,0.94,0.33,0.16,0.54,1.35,2.3,3.07,3.46,3.47,3.21,2.8,2.25,1.58,0.82,0
429,mouse_CY_15,15,85.1,1760,2750,8.39,1.22,10/6/2022 16:08,0,0,0,0,0,0,0,0,0,0,0,0,0,0,0,0,0,0,0,0,0,0,0,0,0,0,0,0,0,0,0,0,0.1,0.19,0.27,0.3,0.29,0.23,0.17,0.13,0.11,0.11,0.13,0.14,0.15,0.16,0.16,0.17,0.17,0.17,0.17,0.17,0.17,0.17,0.18,0.2,0.21,0.22,0.23,0.24,0.24,0.25,0.27,0.31,0.37,0.44,0.51,0.57,0.62,0.67,0.71,0.74,0.77,0.79,0.8,0.83,0.87,0.95,1.04,1.12,1.14,1.05,0.84,0.53,0.22,0,0,0,0,0.26,1.44,3.63,6.48,9.35,11.55,12.53,12.01,10.1,7.16,3.7,0
392,mouse_CY_18,18,7.75,119,400,1.86,1.25,10/6/2022 15:42,0,0,0,0,0,0,0,0,0,0,0,0,0,0,0,0,0,0,0,0,0,0,0,0,0,0,0,0,0,0,0,0.06,0.24,0.47,0.67,0.76,0.73,0.6,0.47,0.37,0.35,0.37,0.42,0.46,0.48,0.49,0.49,0.49,0.49,0.49,0.51,0.52,0.55,0.6,0.67,0.75,0.84,0.93,1.01,1.09,1.16,1.26,1.4,1.59,1.84,2.11,2.39,2.67,2.94,3.2,3.47,3.7,3.86,3.92,3.88,3.79,3.73,3.79,4.01,4.38,4.76,4.97,4.8,4.15,3.09,1.86,0.78,0.14,0,0,0,0,0,0,0,0,0,0,0,0,0
417,mouse_CY_21,21,48.5,1490,2660,5.89,1.25,10/6/2022 16:00,0,0,0,0,0,0,0,0,0,0,0,0,0,0,0,0,0,0,0,0,0,0,0,0,0,0,0,0,0,0,0,0,0,0.13,0.21,0.25,0.25,0.22,0.18,0.15,0.14,0.15,0.16,0.16,0.17,0.17,0.17,0.18,0.19,0.2,0.21,0.22,0.24,0.26,0.28,0.31,0.35,0.38,0.4,0.42,0.44,0.46,0.51,0.57,0.66,0.77,0.88,1,1.12,1.25,1.37,1.49,1.59,1.67,1.73,1.79,1.87,2.01,2.19,2.37,2.48,2.42,2.11,1.58,0.92,0.33,0,0,0,0,0.43,1.83,4.08,6.63,8.76,9.87,9.66,8.18,5.8,2.99,0
360,mouse_CY_2,2,23.1,133,438,1.3,1.26,10/6/2022 15:17,0,0,0,0,0,0,0,0,0,0,0,0,0,0,0,0,0,0,0,0,0,0,0,0,0,0,0,0,0,0,0,0,0,0.14,0.23,0.29,0.29,0.26,0.23,0.21,0.22,0.24,0.25,0.24,0.22,0.21,0.2,0.2,0.21,0.22,0.24,0.27,0.3,0.35,0.42,0.51,0.61,0.73,0.87,1.02,1.2,1.4,1.63,1.9,2.19,2.48,2.77,3.03,3.28,3.52,3.75,3.94,4.07,4.12,4.07,3.96,3.86,3.85,3.97,4.25,4.59,4.85,4.86,4.5,3.74,2.69,1.58,0.64,0.11,0,0,0,0,0,0,0,0,0,0,0,0
356,mouse_CY_2,2,31.8,173,452,1.29,1.31,10/6/2022 15:15,0,0,0,0,0,0,0,0,0,0,0,0,0,0,0,0,0,0,0,0,0,0,0,0,0,0,0,0,0,0,0,0,0,0.15,0.23,0.28,0.28,0.24,0.19,0.16,0.16,0.17,0.18,0.18,0.18,0.17,0.17,0.16,0.16,0.17,0.19,0.21,0.24,0.28,0.32,0.37,0.42,0.48,0.56,0.65,0.77,0.93,1.12,1.34,1.58,1.84,2.12,2.41,2.72,3.03,3.35,3.63,3.86,4.02,4.13,4.21,4.33,4.54,4.89,5.32,5.75,6.01,5.95,5.43,4.43,3.1,1.69,0.56,0,0,0,0,0,0,0,0,0,0,0,0,0
391,mouse_CY_18,18,6.42,114,401,1.97,1.31,10/6/2022 15:41,0,0,0,0,0,0,0,0,0,0,0,0,0,0,0,0,0,0,0,0,0,0,0,0,0,0,0,0,0,0,0,0.07,0.25,0.51,0.73,0.83,0.8,0.67,0.52,0.42,0.39,0.42,0.46,0.5,0.51,0.52,0.52,0.51,0.51,0.51,0.52,0.54,0.57,0.62,0.68,0.76,0.86,0.95,1.03,1.11,1.19,1.29,1.44,1.64,1.89,2.17,2.46,2.73,3,3.26,3.5,3.71,3.85,3.88,3.81,3.67,3.56,3.58,3.78,4.14,4.55,4.79,4.68,4.09,3.09,1.9,0.84,0.18,0,0,0,0,0,0,0,0,0,0,0,0,0
445,mouse_CY_25,25,18.3,358,2220,3.1,1.31,10/6/2022 16:16,0,0,0,0,0,0,0,0,0,0,0,0,0,0,0,0,0,0,0,0,0,0,0,0,0,0,0,0,0,0,0,0.1,0.29,0.5,0.65,0.69,0.62,0.49,0.36,0.27,0.25,0.27,0.29,0.31,0.31,0.31,0.3,0.28,0.27,0.26,0.25,0.25,0.25,0.27,0.31,0.37,0.45,0.53,0.61,0.69,0.77,0.86,0.96,1.08,1.22,1.35,1.47,1.57,1.64,1.7,1.74,1.78,1.79,1.78,1.76,1.75,1.81,1.99,2.31,2.74,3.19,3.48,3.46,3.05,2.28,1.33,0.48,0.01,0.01,0.76,2.11,3.65,4.91,5.58,5.62,5.21,4.52,3.63,2.55,1.32,0
438,mouse_CY_13,13,22.1,211,1980,2.11,1.32,10/6/2022 16:12,0,0,0,0,0,0,0,0,0,0,0,0,0,0,0,0,0,0,0,0,0,0,0,0,0,0,0,0,0,0,0,0,0.09,0.21,0.32,0.39,0.39,0.33,0.26,0.21,0.19,0.2,0.21,0.23,0.24,0.25,0.26,0.28,0.29,0.3,0.32,0.33,0.35,0.38,0.43,0.49,0.56,0.64,0.74,0.83,0.94,1.07,1.23,1.42,1.64,1.86,2.06,2.24,2.4,2.53,2.65,2.76,2.85,2.9,2.92,2.92,2.92,2.96,3.07,3.23,3.37,3.4,3.2,2.71,1.98,1.15,0.42,0.01,0.01,0.47,1.39,2.48,3.4,3.89,3.92,3.62,3.13,2.5,1.76,0.91,0
357,mouse_CY_2,2,42.8,277,2420,3.79,1.33,10/6/2022 15:16,0,0,0,0,0,0,0,0,0,0,0,0,0,0,0,0,0,0,0,0,0,0,0,0,0,0,0,0,0,0,0,0,0,0.09,0.15,0.18,0.18,0.16,0.13,0.12,0.12,0.14,0.14,0.14,0.13,0.12,0.12,0.11,0.12,0.12,0.13,0.15,0.17,0.2,0.23,0.28,0.33,0.38,0.44,0.51,0.59,0.69,0.81,0.97,1.16,1.37,1.59,1.83,2.06,2.3,2.53,2.73,2.88,2.98,3.04,3.08,3.16,3.31,3.53,3.78,3.95,3.91,3.56,2.87,1.95,1,0.3,0,0,0,0.01,0.48,1.69,3.35,4.94,5.93,5.99,5.13,3.63,1.86,0
358,mouse_CY_2,2,40.6,280,2450,4.02,1.34,10/6/2022 15:16,0,0,0,0,0,0,0,0,0,0,0,0,0,0,0,0,0,0,0,0,0,0,0,0,0,0,0,0,0,0,0,0,0,0.1,0.16,0.19,0.18,0.16,0.13,0.12,0.13,0.14,0.15,0.15,0.14,0.13,0.12,0.12,0.12,0.13,0.14,0.16,0.18,0.21,0.25,0.29,0.35,0.41,0.48,0.55,0.63,0.74,0.87,1.04,1.24,1.46,1.7,1.94,2.16,2.38,2.56,2.71,2.81,2.86,2.87,2.89,2.96,3.1,3.33,3.57,3.73,3.67,3.29,2.58,1.67,0.79,0.19,0,0,0,0.01,0.53,1.83,3.58,5.25,6.26,6.31,5.39,3.81,1.95,0
359,mouse_CY_2,2,36.5,275,2440,4.19,1.37,10/6/2022 15:17,0,0,0,0,0,0,0,0,0,0,0,0,0,0,0,0,0,0,0,0,0,0,0,0,0,0,0,0,0,0,0,0,0,0.11,0.17,0.2,0.2,0.17,0.15,0.13,0.14,0.15,0.16,0.16,0.15,0.14,0.14,0.13,0.14,0.14,0.16,0.17,0.2,0.23,0.28,0.33,0.39,0.46,0.53,0.62,0.71,0.83,0.98,1.16,1.37,1.6,1.83,2.05,2.26,2.43,2.57,2.67,2.72,2.72,2.7,2.7,2.77,2.94,3.21,3.52,3.74,3.75,3.41,2.73,1.81,0.89,0.24,0,0,0,0.01,0.45,1.66,3.37,5.04,6.09,6.17,5.29,3.74,1.91,0
416,mouse_CY_21,21,42.6,1350,2630,5.17,1.44,10/6/2022 15:59,0,0,0,0,0,0,0,0,0,0,0,0,0,0,0,0,0,0,0,0,0,0,0,0,0,0,0,0,0,0,0,0,0.08,0.18,0.26,0.3,0.29,0.24,0.19,0.15,0.14,0.15,0.17,0.18,0.19,0.19,0.2,0.2,0.21,0.22,0.23,0.24,0.26,0.28,0.31,0.34,0.37,0.4,0.43,0.45,0.47,0.49,0.54,0.6,0.69,0.81,0.93,1.06,1.19,1.32,1.46,1.58,1.68,1.77,1.84,1.92,2.05,2.23,2.45,2.68,2.8,2.74,2.41,1.83,1.11,0.46,0.07,0,0,0,0.39,1.69,3.77,6.14,8.12,9.16,8.97,7.6,5.39,2.78,0
415,mouse_CY_16,16,1.44,76.6,244,3.25,1.5,10/6/2022 15:58,0,0,0,0,0,0,0,0,0,0,0,0,0,0,0,0,0,0,0,0,0,0,0,0,0,0,0,0,0,0,0,0.19,0.64,1.22,1.7,1.91,1.81,1.49,1.11,0.81,0.65,0.63,0.69,0.77,0.82,0.85,0.85,0.84,0.83,0.83,0.83,0.83,0.84,0.87,0.91,0.96,1.02,1.07,1.1,1.12,1.16,1.23,1.39,1.63,1.94,2.28,2.61,2.89,3.13,3.35,3.59,3.85,4.15,4.44,4.68,4.84,4.88,4.78,4.47,3.92,3.11,2.1,1.08,0.31,0,0,0,0,0,0,0,0,0,0,0,0,0,0,0,0,0
414,mouse_CY_16,16,1.46,78,248,3.41,1.52,10/6/2022 15:57,0,0,0,0,0,0,0,0,0,0,0,0,0,0,0,0,0,0,0,0,0,0,0,0,0,0,0,0,0,0,0,0.19,0.64,1.2,1.67,1.88,1.79,1.48,1.1,0.81,0.66,0.64,0.7,0.77,0.83,0.85,0.85,0.84,0.83,0.82,0.82,0.83,0.84,0.86,0.9,0.95,1.01,1.06,1.09,1.12,1.15,1.22,1.37,1.6,1.91,2.24,2.56,2.84,3.07,3.29,3.52,3.78,4.06,4.36,4.62,4.83,4.93,4.89,4.63,4.1,3.28,2.23,1.15,0.33,0,0,0,0,0,0,0,0,0,0,0,0,0,0,0,0,0
345,mouse_CY_23,23,2.97,127,372,1.22,1.55,10/6/2022 15:07,0,0,0,0,0,0,0,0,0,0,0,0,0,0,0,0,0,0,0,0,0,0,0,0,0,0,0,0,0,0,0,0.21,0.62,1.08,1.41,1.49,1.32,0.99,0.65,0.4,0.3,0.31,0.39,0.48,0.55,0.59,0.6,0.59,0.58,0.58,0.58,0.59,0.61,0.63,0.64,0.66,0.67,0.67,0.68,0.7,0.75,0.85,1,1.2,1.44,1.7,1.98,2.25,2.53,2.82,3.09,3.35,3.58,3.79,3.98,4.18,4.43,4.72,5.03,5.28,5.34,5.1,4.49,3.53,2.37,1.24,0.39,0,0,0,0,0,0,0,0,0,0,0,0,0,0
413,mouse_CY_16,16,1.45,76.1,248,3.51,1.55,10/6/2022 15:57,0,0,0,0,0,0,0,0,0,0,0,0,0,0,0,0,0,0,0,0,0,0,0,0,0,0,0,0,0,0,0,0.18,0.63,1.2,1.68,1.89,1.8,1.49,1.12,0.83,0.68,0.67,0.73,0.8,0.85,0.87,0.87,0.86,0.84,0.84,0.84,0.84,0.85,0.88,0.92,0.98,1.03,1.08,1.12,1.14,1.18,1.25,1.39,1.62,1.91,2.25,2.57,2.85,3.1,3.33,3.57,3.83,4.1,4.35,4.56,4.71,4.76,4.69,4.45,3.97,3.22,2.24,1.19,0.36,0,0,0,0,0,0,0,0,0,0,0,0,0,0,0,0,0
444,mouse_CY_25,25,26.8,509,2170,2.32,1.55,10/6/2022 16:16,0,0,0,0,0,0,0,0,0,0,0,0,0,0,0,0,0,0,0,0,0,0,0,0,0,0,0,0,0,0,0,0,0.15,0.31,0.45,0.52,0.52,0.46,0.38,0.33,0.31,0.31,0.32,0.31,0.3,0.29,0.29,0.28,0.28,0.28,0.27,0.27,0.27,0.27,0.28,0.31,0.33,0.36,0.38,0.39,0.41,0.43,0.47,0.54,0.63,0.73,0.84,0.94,1.04,1.14,1.24,1.34,1.43,1.5,1.55,1.6,1.7,1.9,2.21,2.63,3.09,3.47,3.65,3.53,3.12,2.53,1.94,1.6,1.7,2.31,3.28,4.33,5.13,5.47,5.36,4.9,4.21,3.36,2.34,1.21,0
344,mouse_CY_23,23,2.77,120,358,1.28,1.57,10/6/2022 15:06,0,0,0,0,0,0,0,0,0,0,0,0,0,0,0,0,0,0,0,0,0,0,0,0,0,0,0,0,0,0,0,0.21,0.63,1.11,1.45,1.54,1.37,1.03,0.68,0.42,0.31,0.33,0.4,0.5,0.57,0.62,0.63,0.63,0.62,0.61,0.61,0.62,0.63,0.65,0.66,0.68,0.68,0.68,0.69,0.72,0.78,0.88,1.04,1.25,1.49,1.76,2.04,2.32,2.61,2.9,3.2,3.48,3.74,3.96,4.15,4.33,4.53,4.75,4.97,5.12,5.09,4.77,4.11,3.15,2.03,0.99,0.27,0,0,0,0,0,0,0,0,0,0,0,0,0,0
425,mouse_CY_22,22,49,1260,2600,4.41,1.59,10/6/2022 16:04,0,0,0,0,0,0,0,0,0,0,0,0,0,0,0,0,0,0,0,0,0,0,0,0,0,0,0,0,0,0,0,0,0,0.12,0.2,0.24,0.24,0.2,0.16,0.12,0.11,0.12,0.13,0.15,0.16,0.17,0.18,0.18,0.19,0.2,0.2,0.21,0.23,0.25,0.27,0.3,0.33,0.36,0.38,0.41,0.44,0.47,0.53,0.62,0.73,0.86,1.01,1.17,1.32,1.47,1.61,1.73,1.84,1.92,1.99,2.07,2.19,2.36,2.57,2.78,2.89,2.83,2.51,1.96,1.25,0.58,0.14,0,0,0.01,0.52,1.88,3.89,6.07,7.84,8.74,8.5,7.2,5.11,2.64,0
343,mouse_CY_23,23,2.84,125,382,1.33,1.6,10/6/2022 15:06,0,0,0,0,0,0,0,0,0,0,0,0,0,0,0,0,0,0,0,0,0,0,0,0,0,0,0,0,0,0,0,0.21,0.62,1.08,1.41,1.5,1.34,1.01,0.67,0.43,0.33,0.34,0.42,0.51,0.58,0.62,0.63,0.63,0.62,0.61,0.61,0.62,0.63,0.64,0.66,0.66,0.67,0.67,0.68,0.7,0.76,0.86,1.01,1.21,1.44,1.7,1.97,2.24,2.52,2.81,3.1,3.37,3.6,3.77,3.91,4.04,4.2,4.44,4.73,5.01,5.17,5.06,4.6,3.76,2.64,1.47,0.52,0,0,0,0,0,0,0,0,0,0,0,0,0,0
424,mouse_CY_22,22,45.7,1020,2590,4.45,1.6,10/6/2022 16:04,0,0,0,0,0,0,0,0,0,0,0,0,0,0,0,0,0,0,0,0,0,0,0,0,0,0,0,0,0,0,0,0,0,0.13,0.21,0.25,0.25,0.21,0.17,0.13,0.12,0.13,0.14,0.16,0.17,0.18,0.19,0.19,0.2,0.21,0.22,0.23,0.24,0.26,0.28,0.31,0.34,0.37,0.4,0.43,0.46,0.5,0.57,0.66,0.77,0.91,1.06,1.21,1.36,1.52,1.66,1.81,1.93,2.04,2.14,2.24,2.37,2.54,2.74,2.92,3,2.9,2.55,1.96,1.23,0.56,0.12,0,0,0.01,0.43,1.68,3.6,5.74,7.51,8.43,8.24,6.99,4.96,2.56,0
412,mouse_CY_16,16,1.58,83.3,279,3.04,1.61,10/6/2022 15:56,0,0,0,0,0,0,0,0,0,0,0,0,0,0,0,0,0,0,0,0,0,0,0,0,0,0,0,0,0,0,0,0.17,0.6,1.14,1.59,1.79,1.71,1.42,1.07,0.8,0.67,0.66,0.72,0.79,0.83,0.84,0.84,0.82,0.81,0.81,0.81,0.81,0.82,0.84,0.88,0.93,0.98,1.03,1.06,1.08,1.11,1.18,1.31,1.52,1.79,2.11,2.42,2.7,2.95,3.18,3.41,3.64,3.87,4.07,4.24,4.38,4.5,4.6,4.6,4.43,3.98,3.2,2.16,1.07,0.28,0,0,0,0,0,0,0,0,0,0,0,0,0,0,0,0
390,mouse_CY_12,12,11.1,117,337,1.45,1.63,10/6/2022 15:40,0,0,0,0,0,0,0,0,0,0,0,0,0,0,0,0,0,0,0,0,0,0,0,0,0,0,0,0,0,0,0,0,0.14,0.32,0.49,0.59,0.58,0.5,0.4,0.32,0.29,0.31,0.34,0.38,0.41,0.42,0.43,0.43,0.44,0.45,0.48,0.5,0.54,0.6,0.67,0.75,0.83,0.92,1,1.07,1.16,1.27,1.42,1.63,1.89,2.19,2.51,2.84,3.16,3.48,3.78,4.04,4.25,4.4,4.51,4.59,4.72,4.9,5.11,5.25,5.17,4.73,3.86,2.67,1.42,0.44,0,0,0,0,0,0,0,0,0,0,0,0,0,0,0
342,mouse_CY_23,23,2.95,130,353,2.83,1.64,10/6/2022 15:05,0,0,0,0,0,0,0,0,0,0,0,0,0,0,0,0,0,0,0,0,0,0,0,0,0,0,0,0,0,0,0,0.2,0.59,1.05,1.37,1.46,1.31,0.99,0.66,0.43,0.33,0.35,0.42,0.51,0.59,0.63,0.64,0.63,0.62,0.61,0.61,0.62,0.63,0.64,0.65,0.66,0.67,0.67,0.67,0.69,0.74,0.83,0.98,1.19,1.43,1.7,1.97,2.24,2.5,2.74,2.96,3.16,3.33,3.51,3.74,4.05,4.48,5.02,5.59,6.01,6.1,5.67,4.67,3.24,1.72,0.53,0,0,0,0,0,0,0,0,0,0,0,0,0,0,0
389,mouse_CY_12,12,11.4,121,356,1.27,1.66,10/6/2022 15:39,0,0,0,0,0,0,0,0,0,0,0,0,0,0,0,0,0,0,0,0,0,0,0,0,0,0,0,0,0,0,0,0,0.13,0.32,0.49,0.58,0.58,0.5,0.4,0.32,0.29,0.31,0.35,0.38,0.4,0.42,0.42,0.43,0.43,0.45,0.47,0.49,0.53,0.58,0.65,0.73,0.82,0.9,0.98,1.06,1.15,1.26,1.41,1.61,1.87,2.15,2.46,2.77,3.08,3.38,3.67,3.92,4.13,4.28,4.37,4.44,4.54,4.7,4.91,5.09,5.11,4.84,4.18,3.17,1.98,0.9,0.21,0,0,0,0,0,0,0,0,0,0,0,0,0,0
341,mouse_CY_23,23,2.51,116,327,3.03,1.69,10/6/2022 15:05,0,0,0,0,0,0,0,0,0,0,0,0,0,0,0,0,0,0,0,0,0,0,0,0,0,0,0,0,0,0,0,0.2,0.62,1.1,1.45,1.55,1.39,1.07,0.72,0.48,0.37,0.4,0.48,0.58,0.65,0.7,0.71,0.71,0.69,0.68,0.68,0.68,0.69,0.7,0.7,0.71,0.71,0.71,0.72,0.74,0.8,0.91,1.07,1.28,1.53,1.79,2.07,2.34,2.61,2.86,3.12,3.35,3.58,3.81,4.07,4.38,4.76,5.18,5.56,5.74,5.55,4.88,3.73,2.31,0.98,0.16,0,0,0,0,0,0,0,0,0,0,0,0,0,0,0
411,mouse_CY_16,16,1.56,81.5,281,2.93,1.69,10/6/2022 15:56,0,0,0,0,0,0,0,0,0,0,0,0,0,0,0,0,0,0,0,0,0,0,0,0,0,0,0,0,0,0,0,0.17,0.59,1.13,1.59,1.8,1.72,1.44,1.1,0.83,0.7,0.69,0.74,0.81,0.85,0.86,0.85,0.84,0.83,0.82,0.82,0.82,0.83,0.85,0.89,0.93,0.99,1.04,1.08,1.11,1.15,1.22,1.35,1.55,1.82,2.12,2.41,2.68,2.93,3.18,3.44,3.7,3.94,4.13,4.26,4.32,4.35,4.34,4.29,4.14,3.8,3.17,2.29,1.28,0.43,0,0,0,0,0,0,0,0,0,0,0,0,0,0,0,0
388,mouse_CY_12,12,12.6,133,395,1.37,1.71,10/6/2022 15:39,0,0,0,0,0,0,0,0,0,0,0,0,0,0,0,0,0,0,0,0,0,0,0,0,0,0,0,0,0,0,0,0,0.13,0.3,0.46,0.55,0.55,0.47,0.37,0.3,0.28,0.3,0.33,0.37,0.39,0.4,0.4,0.4,0.41,0.42,0.44,0.46,0.5,0.55,0.61,0.68,0.76,0.84,0.92,1,1.09,1.19,1.33,1.53,1.76,2.03,2.32,2.61,2.9,3.18,3.44,3.66,3.83,3.94,4.01,4.07,4.19,4.39,4.7,5.05,5.31,5.32,4.94,4.12,2.96,1.72,0.68,0.11,0,0,0,0,0,0,0,0,0,0,0,0,0
387,mouse_CY_12,12,11.7,125,372,1.51,1.73,10/6/2022 15:38,0,0,0,0,0,0,0,0,0,0,0,0,0,0,0,0,0,0,0,0,0,0,0,0,0,0,0,0,0,0,0,0,0.13,0.31,0.48,0.58,0.58,0.5,0.4,0.32,0.29,0.31,0.35,0.38,0.4,0.41,0.42,0.42,0.42,0.43,0.45,0.47,0.51,0.56,0.62,0.7,0.78,0.87,0.96,1.04,1.13,1.24,1.39,1.58,1.83,2.1,2.4,2.7,3,3.3,3.57,3.81,4,4.12,4.2,4.26,4.37,4.56,4.83,5.1,5.25,5.1,4.55,3.59,2.37,1.18,0.34,0,0,0,0,0,0,0,0,0,0,0,0,0,0
443,mouse_CY_25,25,73.2,1610,2690,6.71,1.75,10/6/2022 16:15,0,0,0,0,0,0,0,0,0,0,0,0,0,0,0,0,0,0,0,0,0,0,0,0,0,0,0,0,0,0,0,0,0.15,0.27,0.37,0.41,0.38,0.32,0.24,0.19,0.17,0.18,0.19,0.21,0.21,0.21,0.21,0.2,0.19,0.19,0.18,0.18,0.18,0.18,0.19,0.2,0.21,0.23,0.23,0.23,0.23,0.24,0.25,0.28,0.32,0.38,0.44,0.51,0.58,0.65,0.73,0.79,0.83,0.85,0.84,0.84,0.89,1.02,1.28,1.64,2.06,2.44,2.64,2.57,2.19,1.56,0.85,0.27,0,0.01,0.85,2.62,5.05,7.62,9.7,10.74,10.45,8.86,6.31,3.27,0
364,mouse_CY_24,24,2.58,135,392,1.85,1.76,10/6/2022 15:21,0,0,0,0,0,0,0,0,0,0,0,0,0,0,0,0,0,0,0,0,0,0,0,0,0,0,0,0,0,0,0,0.32,0.8,1.28,1.59,1.62,1.37,0.97,0.59,0.34,0.25,0.29,0.37,0.44,0.49,0.5,0.48,0.45,0.43,0.42,0.41,0.42,0.44,0.46,0.5,0.55,0.6,0.66,0.71,0.76,0.81,0.89,1,1.16,1.36,1.59,1.83,2.1,2.38,2.69,3.02,3.34,3.62,3.83,3.97,4.07,4.2,4.43,4.77,5.16,5.47,5.5,5.1,4.2,2.93,1.57,0.5,0,0,0,0,0,0,0,0,0,0,0,0,0,0
365,mouse_CY_24,24,2.69,140,394,1.92,1.76,10/6/2022 15:21,0,0,0,0,0,0,0,0,0,0,0,0,0,0,0,0,0,0,0,0,0,0,0,0,0,0,0,0,0,0,0,0.32,0.79,1.27,1.57,1.6,1.35,0.96,0.58,0.33,0.24,0.28,0.36,0.43,0.48,0.48,0.47,0.44,0.42,0.4,0.4,0.4,0.42,0.45,0.49,0.54,0.59,0.65,0.7,0.74,0.79,0.86,0.97,1.13,1.33,1.57,1.84,2.11,2.39,2.68,2.97,3.23,3.45,3.61,3.72,3.84,4.05,4.39,4.88,5.42,5.84,5.91,5.45,4.43,3,1.54,0.46,0,0,0,0,0,0,0,0,0,0,0,0,0,0
442,mouse_CY_25,25,60.3,1640,2700,7.57,1.77,10/6/2022 16:15,0,0,0,0,0,0,0,0,0,0,0,0,0,0,0,0,0,0,0,0,0,0,0,0,0,0,0,0,0,0,0,0,0.16,0.3,0.4,0.45,0.42,0.35,0.27,0.22,0.2,0.2,0.22,0.23,0.24,0.24,0.23,0.22,0.21,0.21,0.2,0.2,0.2,0.2,0.2,0.22,0.23,0.24,0.25,0.25,0.25,0.25,0.27,0.31,0.36,0.43,0.5,0.57,0.64,0.7,0.76,0.8,0.84,0.87,0.9,0.96,1.09,1.32,1.64,2.01,2.36,2.56,2.51,2.16,1.55,0.85,0.27,0,0,0.01,0.59,2.21,4.68,7.45,9.75,10.97,10.74,9.11,6.47,3.34,0
423,mouse_CY_22,22,48.9,981,2580,3.65,1.78,10/6/2022 16:04,0,0,0,0,0,0,0,0,0,0,0,0,0,0,0,0,0,0,0,0,0,0,0,0,0,0,0,0,0,0,0,0,0,0.11,0.18,0.23,0.23,0.21,0.17,0.14,0.12,0.13,0.14,0.15,0.16,0.17,0.17,0.18,0.19,0.2,0.2,0.21,0.23,0.24,0.27,0.29,0.32,0.36,0.38,0.41,0.44,0.48,0.54,0.62,0.72,0.85,0.99,1.14,1.3,1.46,1.61,1.75,1.86,1.93,1.98,2.03,2.1,2.25,2.46,2.71,2.94,3.03,2.9,2.5,1.86,1.13,0.49,0.09,0,0.01,0.58,1.92,3.82,5.85,7.47,8.27,8.02,6.78,4.82,2.49,0
363,mouse_CY_24,24,2.77,143,410,1.75,1.79,10/6/2022 15:20,0,0,0,0,0,0,0,0,0,0,0,0,0,0,0,0,0,0,0,0,0,0,0,0,0,0,0,0,0,0,0,0.31,0.77,1.24,1.55,1.57,1.33,0.95,0.58,0.33,0.25,0.29,0.37,0.44,0.48,0.49,0.48,0.45,0.43,0.41,0.41,0.41,0.43,0.45,0.49,0.54,0.59,0.65,0.69,0.74,0.79,0.86,0.97,1.11,1.3,1.52,1.76,2.02,2.29,2.58,2.89,3.19,3.45,3.64,3.77,3.87,4.02,4.28,4.67,5.15,5.58,5.75,5.48,4.67,3.41,1.98,0.76,0.09,0,0,0,0,0,0,0,0,0,0,0,0,0
386,mouse_CY_12,12,12.9,137,397,1.36,1.79,10/6/2022 15:38,0,0,0,0,0,0,0,0,0,0,0,0,0,0,0,0,0,0,0,0,0,0,0,0,0,0,0,0,0,0,0,0,0.13,0.31,0.47,0.56,0.56,0.49,0.39,0.31,0.29,0.31,0.34,0.37,0.38,0.39,0.39,0.39,0.39,0.4,0.41,0.44,0.47,0.52,0.58,0.65,0.73,0.81,0.89,0.97,1.06,1.17,1.31,1.5,1.73,1.99,2.27,2.55,2.83,3.12,3.38,3.62,3.81,3.94,4.03,4.11,4.24,4.47,4.79,5.15,5.42,5.42,5.02,4.19,3.01,1.75,0.7,0.11,0,0,0,0,0,0,0,0,0,0,0,0,0
437,mouse_CY_13,13,42.9,1330,2630,5.03,1.79,10/6/2022 16:12,0,0,0,0,0,0,0,0,0,0,0,0,0,0,0,0,0,0,0,0,0,0,0,0,0,0,0,0,0,0,0,0,0,0.12,0.19,0.23,0.24,0.21,0.17,0.14,0.13,0.13,0.14,0.15,0.16,0.17,0.18,0.19,0.19,0.2,0.21,0.22,0.24,0.25,0.28,0.31,0.34,0.38,0.42,0.47,0.52,0.58,0.66,0.76,0.88,1.02,1.16,1.29,1.41,1.52,1.61,1.69,1.76,1.82,1.88,1.97,2.1,2.27,2.45,2.61,2.66,2.52,2.15,1.57,0.91,0.33,0,0,0,0.01,0.44,1.75,3.82,6.13,8.07,9.08,8.88,7.53,5.34,2.76,0
362,mouse_CY_24,24,2.86,145,412,1.63,1.82,10/6/2022 15:20,0,0,0,0,0,0,0,0,0,0,0,0,0,0,0,0,0,0,0,0,0,0,0,0,0,0,0,0,0,0,0,0.3,0.75,1.22,1.52,1.55,1.31,0.94,0.57,0.33,0.25,0.29,0.37,0.44,0.49,0.5,0.48,0.46,0.43,0.41,0.41,0.41,0.43,0.45,0.49,0.54,0.59,0.64,0.69,0.74,0.79,0.85,0.95,1.09,1.27,1.49,1.73,1.98,2.26,2.56,2.87,3.17,3.42,3.6,3.73,3.83,3.99,4.27,4.7,5.21,5.67,5.85,5.58,4.75,3.47,2.02,0.8,0.11,0,0,0,0,0,0,0,0,0,0,0,0,0
361,mouse_CY_24,24,3.03,152,460,1.58,1.85,10/6/2022 15:19,0,0,0,0,0,0,0,0,0,0,0,0,0,0,0,0,0,0,0,0,0,0,0,0,0,0,0,0,0,0,0,0.29,0.73,1.18,1.47,1.5,1.27,0.91,0.56,0.34,0.26,0.3,0.38,0.45,0.49,0.5,0.48,0.45,0.43,0.41,0.41,0.41,0.42,0.45,0.48,0.53,0.58,0.63,0.67,0.71,0.76,0.82,0.92,1.05,1.23,1.44,1.67,1.92,2.2,2.49,2.8,3.09,3.33,3.49,3.56,3.57,3.62,3.77,4.09,4.56,5.09,5.51,5.62,5.26,4.42,3.21,1.89,0.79,0.15,0,0,0,0,0,0,0,0,0,0,0,0
446,mouse_CY_25,25,51.8,371,2580,4.48,1.96,10/6/2022 16:17,0,0,0,0,0,0,0,0,0,0,0,0,0,0,0,0,0,0,0,0,0,0,0,0,0,0,0,0,0,0,0,0,0.11,0.2,0.26,0.29,0.26,0.2,0.14,0.1,0.08,0.09,0.1,0.1,0.09,0.09,0.09,0.09,0.08,0.08,0.08,0.08,0.09,0.1,0.12,0.16,0.2,0.25,0.31,0.38,0.47,0.57,0.69,0.82,0.96,1.08,1.19,1.27,1.34,1.42,1.55,1.77,2.08,2.5,2.99,3.49,3.9,4.13,4.09,3.72,3.05,2.17,1.23,0.46,0.01,0,0,0,0,0,0.25,1.38,3.33,5.58,7.44,8.4,8.19,6.9,4.86,2.5,0
422,mouse_CY_22,22,47.9,505,2540,3.22,1.98,10/6/2022 16:03,0,0,0,0,0,0,0,0,0,0,0,0,0,0,0,0,0,0,0,0,0,0,0,0,0,0,0,0,0,0,0,0,0,0.13,0.21,0.25,0.25,0.21,0.17,0.13,0.12,0.12,0.14,0.15,0.17,0.18,0.18,0.19,0.19,0.2,0.21,0.22,0.23,0.25,0.27,0.3,0.33,0.36,0.38,0.41,0.45,0.49,0.55,0.63,0.73,0.86,1,1.14,1.3,1.46,1.61,1.75,1.86,1.94,1.99,2.04,2.12,2.27,2.5,2.79,3.08,3.27,3.27,2.99,2.45,1.71,0.94,0.32,0,0.01,0.61,1.89,3.64,5.46,6.92,7.63,7.41,6.28,4.47,2.31,0
421,mouse_CY_22,22,51.1,610,2550,3.32,2.03,10/6/2022 16:03,0,0,0,0,0,0,0,0,0,0,0,0,0,0,0,0,0,0,0,0,0,0,0,0,0,0,0,0,0,0,0,0,0,0.13,0.21,0.25,0.25,0.21,0.17,0.13,0.12,0.12,0.14,0.15,0.16,0.17,0.18,0.18,0.18,0.19,0.2,0.21,0.22,0.23,0.25,0.28,0.31,0.34,0.37,0.39,0.42,0.46,0.52,0.59,0.68,0.79,0.92,1.06,1.22,1.38,1.55,1.7,1.83,1.91,1.95,1.97,2,2.09,2.26,2.51,2.79,3.02,3.1,2.93,2.49,1.81,1.04,0.37,0.01,0.08,0.81,2.18,3.96,5.76,7.19,7.87,7.62,6.45,4.6,2.38,0
436,mouse_CY_13,13,42.7,1020,2570,3.47,2.12,10/6/2022 16:11,0,0,0,0,0,0,0,0,0,0,0,0,0,0,0,0,0,0,0,0,0,0,0,0,0,0,0,0,0,0,0,0,0,0.12,0.19,0.24,0.25,0.22,0.18,0.15,0.13,0.14,0.15,0.16,0.17,0.18,0.19,0.19,0.2,0.21,0.22,0.23,0.25,0.26,0.29,0.31,0.35,0.38,0.42,0.46,0.51,0.56,0.64,0.73,0.84,0.97,1.1,1.24,1.38,1.52,1.65,1.76,1.84,1.9,1.93,1.95,1.99,2.08,2.22,2.42,2.61,2.72,2.66,2.38,1.87,1.24,0.62,0.17,0,0.01,0.69,2.08,3.95,5.9,7.46,8.21,7.95,6.72,4.78,2.47,0
435,mouse_CY_13,13,44.3,497,2520,2.67,2.6,10/6/2022 16:11,0,0,0,0,0,0,0,0,0,0,0,0,0,0,0,0,0,0,0,0,0,0,0,0,0,0,0,0,0,0,0,0,0,0.13,0.21,0.26,0.26,0.23,0.18,0.14,0.13,0.13,0.14,0.16,0.17,0.18,0.19,0.2,0.2,0.21,0.22,0.23,0.25,0.27,0.29,0.31,0.34,0.38,0.41,0.44,0.48,0.53,0.59,0.67,0.78,0.9,1.03,1.18,1.33,1.48,1.63,1.76,1.87,1.94,1.98,2.01,2.06,2.18,2.38,2.65,2.94,3.18,3.26,3.09,2.64,1.95,1.15,0.42,0.01,0.07,0.78,2.07,3.73,5.42,6.73,7.35,7.09,5.99,4.27,2.21,0
380,mouse_CY_14,14,1.7,92.7,303,1.74,2.7,10/6/2022 15:33,0,0,0,0,0,0,0,0,0,0,0,0,0,0,0,0,0,0,0,0,0,0,0,0,0,0,0,0,0,0,0,0.17,0.59,1.11,1.54,1.73,1.64,1.35,1,0.72,0.59,0.57,0.63,0.7,0.74,0.76,0.75,0.73,0.71,0.69,0.68,0.69,0.7,0.72,0.76,0.81,0.86,0.93,0.99,1.05,1.13,1.23,1.37,1.56,1.8,2.05,2.31,2.57,2.81,3.04,3.27,3.5,3.72,3.92,4.11,4.3,4.49,4.67,4.8,4.77,4.47,3.83,2.86,1.72,0.7,0.1,0,0,0,0,0,0,0,0,0,0,0,0,0,0,0
379,mouse_CY_14,14,1.81,95.6,337,1.42,2.73,10/6/2022 15:32,0,0,0,0,0,0,0,0,0,0,0,0,0,0,0,0,0,0,0,0,0,0,0,0,0,0,0,0,0,0,0,0.17,0.57,1.08,1.5,1.68,1.59,1.31,0.97,0.71,0.58,0.56,0.62,0.68,0.73,0.75,0.74,0.72,0.69,0.68,0.67,0.67,0.68,0.7,0.74,0.79,0.85,0.91,0.98,1.05,1.12,1.22,1.35,1.52,1.74,1.99,2.25,2.52,2.78,3.04,3.29,3.52,3.7,3.83,3.9,3.94,4,4.1,4.25,4.39,4.39,4.14,3.56,2.66,1.61,0.69,0.13,0,0,0,0,0,0,0,0,0,0,0,0,0,0
378,mouse_CY_14,14,1.89,95.7,340,1.46,2.88,10/6/2022 15:32,0,0,0,0,0,0,0,0,0,0,0,0,0,0,0,0,0,0,0,0,0,0,0,0,0,0,0,0,0,0,0,0.15,0.53,1.02,1.44,1.63,1.56,1.3,0.98,0.73,0.61,0.59,0.64,0.7,0.73,0.75,0.74,0.72,0.7,0.69,0.68,0.69,0.7,0.72,0.75,0.8,0.86,0.92,0.98,1.05,1.13,1.22,1.35,1.53,1.74,1.99,2.24,2.5,2.77,3.03,3.29,3.52,3.72,3.85,3.93,3.96,4,4.08,4.19,4.29,4.29,4.06,3.53,2.7,1.72,0.8,0.2,0,0,0,0,0,0,0,0,0,0,0,0,0,0
377,mouse_CY_14,14,4.65,210,2380,3.18,3.52,10/6/2022 15:31,0,0,0,0,0,0,0,0,0,0,0,0,0,0,0,0,0,0,0,0,0,0,0,0,0,0,0,0,0,0,0,0.12,0.39,0.73,1,1.12,1.05,0.86,0.63,0.45,0.37,0.37,0.41,0.46,0.5,0.51,0.5,0.49,0.48,0.47,0.46,0.47,0.48,0.5,0.52,0.55,0.59,0.63,0.67,0.7,0.75,0.8,0.89,1,1.15,1.32,1.51,1.71,1.91,2.1,2.28,2.43,2.54,2.6,2.63,2.64,2.68,2.77,2.91,3.05,3.11,2.97,2.59,1.96,1.21,0.52,0.1,0,0,0,0.01,0.53,1.74,3.3,4.74,5.6,5.61,4.78,3.38,1.73,0
376,mouse_CY_14,14,6.03,251,2430,3,3.66,10/6/2022 15:31,0,0,0,0,0,0,0,0,0,0,0,0,0,0,0,0,0,0,0,0,0,0,0,0,0,0,0,0,0,0,0,0.1,0.34,0.64,0.89,1,0.95,0.78,0.58,0.43,0.36,0.35,0.39,0.43,0.46,0.47,0.46,0.45,0.43,0.43,0.43,0.43,0.44,0.46,0.48,0.51,0.55,0.58,0.62,0.66,0.7,0.76,0.83,0.94,1.07,1.22,1.39,1.57,1.75,1.92,2.09,2.23,2.34,2.4,2.43,2.45,2.5,2.58,2.71,2.84,2.9,2.8,2.48,1.95,1.28,0.63,0.17,0,0,0,0.18,0.96,2.33,3.97,5.39,6.19,6.13,5.21,3.7,1.9,0
447,mouse_CY_25,25,293,1050,2210,2.2,7.7,10/6/2022 16:17,0,0,0,0,0,0,0,0,0,0,0,0,0,0,0,0,0,0,0,0,0,0,0,0,0,0,0,0,0,0,0,0,0,0,0,0,0,0,0,0,0,0,0,0,0,0,0,0,0,0,0,0,0,0,0,0,0,0,0,0,0,0,0,0.07,0.09,0.12,0.15,0.18,0.21,0.23,0.24,0.26,0.29,0.36,0.47,0.64,0.88,1.18,1.52,1.86,2.18,2.45,2.67,2.87,3.12,3.46,3.98,4.67,5.5,6.36,7.11,7.59,7.68,7.36,6.68,5.74,4.66,3.54,2.39,1.22,0
