Record Number,Sample Name,project,donor,cond,time,Dx (10),Dx (50),Dx (90),Weighted Residual,Laser Obscuration,Measurement Date Time,0.01,0.0114,0.0129,0.0147,0.0167,0.0189,0.0215,0.0244,0.0278,0.0315,0.0358,0.0407,0.0463,0.0526,0.0597,0.0679,0.0771,0.0876,0.0995,0.113,0.128,0.146,0.166,0.188,0.214,0.243,0.276,0.314,0.357,0.405,0.46,0.523,0.594,0.675,0.767,0.872,0.991,1.13,1.28,1.45,1.65,1.88,2.13,2.42,2.75,3.12,3.55,4.03,4.58,5.21,5.92,6.72,7.64,8.68,9.86,11.2,12.7,14.5,16.4,18.7,21.2,24.1,27.4,31.1,35.3,40.1,45.6,51.8,58.9,66.9,76,86.4,98.1,111,127,144,163,186,211,240,272,310,352,400,454,516,586,666,756,859,976,1110,1260,1430,1630,1850,2100,2390,2710,3080,3500
26,Mouse_Abx_IMI_Day-2_cage3,mouse_Abx,3,IMI,-2,41.9,231,463,4.51,1.14,9/28/2022 15:07,0,0,0,0,0,0,0,0,0,0,0,0,0,0,0,0,0,0,0,0,0,0,0,0,0,0,0,0,0,0,0,0,0,0,0.09,0.12,0.12,0.11,0.08,0.07,0.07,0.09,0.1,0.11,0.12,0.12,0.12,0.13,0.14,0.16,0.18,0.2,0.23,0.25,0.28,0.32,0.36,0.41,0.48,0.56,0.65,0.76,0.88,1.02,1.18,1.37,1.58,1.83,2.09,2.37,2.62,2.84,3.01,3.16,3.32,3.59,4.02,4.69,5.58,6.6,7.54,8.13,8.09,7.23,5.59,3.49,1.5,0.25,0,0,0,0,0,0,0,0,0,0,0,0,0
27,Mouse_Abx_IMI_Day-2_cage3,mouse_Abx,2,IMI,-2,42.5,228,455,4.75,1.16,9/28/2022 15:08,0,0,0,0,0,0,0,0,0,0,0,0,0,0,0,0,0,0,0,0,0,0,0,0,0,0,0,0,0,0,0,0,0,0,0.09,0.12,0.12,0.11,0.08,0.07,0.07,0.09,0.1,0.11,0.12,0.12,0.12,0.13,0.14,0.15,0.17,0.19,0.22,0.24,0.27,0.31,0.35,0.41,0.47,0.55,0.64,0.75,0.87,1.02,1.19,1.39,1.62,1.88,2.17,2.44,2.69,2.89,3.04,3.17,3.33,3.6,4.07,4.77,5.71,6.74,7.67,8.2,8.06,7.09,5.37,3.25,1.3,0.15,0,0,0,0,0,0,0,0,0,0,0,0,0
28,Mouse_Abx_IMI_Day-2_cage3,mouse_Abx,3,IMI,-2,44.6,235,452,5.53,1.17,9/28/2022 15:08,0,0,0,0,0,0,0,0,0,0,0,0,0,0,0,0,0,0,0,0,0,0,0,0,0,0,0,0,0,0,0,0,0,0,0.09,0.12,0.12,0.1,0.08,0.06,0.07,0.08,0.1,0.11,0.12,0.12,0.12,0.12,0.13,0.14,0.16,0.19,0.21,0.24,0.26,0.3,0.34,0.39,0.45,0.52,0.6,0.7,0.82,0.95,1.12,1.32,1.55,1.82,2.11,2.39,2.64,2.84,2.98,3.09,3.23,3.49,3.98,4.74,5.77,6.94,8,8.61,8.47,7.4,5.47,3.13,1.08,0,0,0,0,0,0,0,0,0,0,0,0,0,0
29,Mouse_Abx_IMI_Day-2_cage3,mouse_Abx,2,IMI,-2,44.3,229,501,1.26,1.14,9/28/2022 15:08,0,0,0,0,0,0,0,0,0,0,0,0,0,0,0,0,0,0,0,0,0,0,0,0,0,0,0,0,0,0,0,0,0,0,0.09,0.12,0.12,0.1,0.08,0.07,0.07,0.08,0.1,0.11,0.11,0.12,0.12,0.12,0.13,0.15,0.16,0.19,0.21,0.23,0.26,0.29,0.33,0.38,0.44,0.52,0.61,0.72,0.85,0.98,1.14,1.32,1.53,1.76,2.03,2.31,2.59,2.87,3.12,3.36,3.61,3.91,4.29,4.79,5.41,6.08,6.7,7.11,7.16,6.71,5.73,4.31,2.72,1.28,0.34,0,0,0,0,0,0,0,0,0,0,0,0
30,Mouse_Abx_IMI_Day-2_cage3,mouse_Abx,3,IMI,-2,45.2,232,514,1.06,1.16,9/28/2022 15:09,0,0,0,0,0,0,0,0,0,0,0,0,0,0,0,0,0,0,0,0,0,0,0,0,0,0,0,0,0,0,0,0,0,0,0.09,0.12,0.12,0.1,0.08,0.06,0.06,0.08,0.1,0.11,0.11,0.11,0.12,0.12,0.13,0.14,0.16,0.18,0.2,0.22,0.25,0.28,0.31,0.36,0.43,0.51,0.6,0.71,0.84,0.97,1.12,1.3,1.49,1.72,1.97,2.24,2.53,2.81,3.09,3.35,3.62,3.93,4.32,4.81,5.38,6,6.56,6.93,6.98,6.59,5.74,4.49,3.04,1.65,0.6,0.07,0,0,0,0,0,0,0,0,0,0,0
31,Mouse_Abx_IMI_Day-2_cage2,mouse_Abx,2,IMI,-2,19.5,181,398,2.75,1.02,9/28/2022 15:10,0,0,0,0,0,0,0,0,0,0,0,0,0,0,0,0,0,0,0,0,0,0,0,0,0,0,0,0,0,0,0,0,0.22,0.44,0.64,0.74,0.71,0.58,0.41,0.27,0.19,0.17,0.19,0.23,0.26,0.28,0.28,0.28,0.28,0.28,0.29,0.3,0.31,0.32,0.34,0.37,0.41,0.46,0.53,0.62,0.72,0.85,0.99,1.14,1.32,1.51,1.73,1.97,2.23,2.5,2.77,3.02,3.27,3.53,3.85,4.27,4.82,5.51,6.26,6.91,7.26,7.09,6.28,4.87,3.12,1.46,0.35,0,0,0,0,0,0,0,0,0,0,0,0,0,0
32,Mouse_Abx_IMI_Day-2_cage2,mouse_Abx,2,IMI,-2,14.7,154,307,4.39,1.01,9/28/2022 15:11,0,0,0,0,0,0,0,0,0,0,0,0,0,0,0,0,0,0,0,0,0,0,0,0,0,0,0,0,0,0,0,0.06,0.25,0.5,0.73,0.84,0.8,0.65,0.46,0.3,0.2,0.19,0.21,0.26,0.29,0.31,0.31,0.3,0.3,0.31,0.32,0.34,0.35,0.37,0.4,0.42,0.45,0.5,0.56,0.65,0.78,0.94,1.13,1.36,1.6,1.85,2.08,2.29,2.47,2.64,2.83,3.09,3.47,4.04,4.83,5.79,6.82,7.7,8.18,7.98,6.97,5.21,3.07,1.15,0.08,0,0,0,0,0,0,0,0,0,0,0,0,0,0,0,0
33,Mouse_Abx_IMI_Day-2_cage2,mouse_Abx,2,IMI,-2,20.8,177,382,3.25,1.04,9/28/2022 15:11,0,0,0,0,0,0,0,0,0,0,0,0,0,0,0,0,0,0,0,0,0,0,0,0,0,0,0,0,0,0,0,0,0.21,0.43,0.62,0.72,0.69,0.57,0.4,0.26,0.18,0.16,0.19,0.22,0.25,0.27,0.27,0.27,0.27,0.27,0.28,0.29,0.3,0.31,0.34,0.36,0.4,0.45,0.52,0.6,0.71,0.84,0.98,1.15,1.34,1.55,1.78,2.03,2.29,2.55,2.81,3.07,3.34,3.64,4.02,4.53,5.17,5.91,6.66,7.24,7.43,7.04,5.98,4.38,2.53,0.93,0,0,0,0,0,0,0,0,0,0,0,0,0,0,0
34,Mouse_Abx_IMI_Day-2_cage2,mouse_Abx,2,IMI,-2,17.7,161,320,4.36,1.03,9/28/2022 15:12,0,0,0,0,0,0,0,0,0,0,0,0,0,0,0,0,0,0,0,0,0,0,0,0,0,0,0,0,0,0,0,0,0.23,0.47,0.68,0.79,0.76,0.62,0.43,0.28,0.19,0.17,0.19,0.23,0.27,0.29,0.29,0.29,0.29,0.29,0.3,0.31,0.32,0.34,0.36,0.39,0.43,0.48,0.54,0.63,0.75,0.9,1.09,1.29,1.52,1.76,1.99,2.2,2.4,2.59,2.79,3.04,3.4,3.93,4.66,5.58,6.6,7.54,8.13,8.12,7.32,5.75,3.7,1.71,0.37,0,0,0,0,0,0,0,0,0,0,0,0,0,0,0,0
35,Mouse_Abx_IMI_Day-2_cage2,mouse_Abx,2,IMI,-2,19.3,167,339,3.95,1.04,9/28/2022 15:12,0,0,0,0,0,0,0,0,0,0,0,0,0,0,0,0,0,0,0,0,0,0,0,0,0,0,0,0,0,0,0,0,0.22,0.45,0.66,0.76,0.73,0.6,0.42,0.27,0.18,0.17,0.19,0.23,0.26,0.27,0.28,0.27,0.27,0.27,0.28,0.29,0.31,0.33,0.35,0.38,0.42,0.46,0.53,0.61,0.72,0.85,1.02,1.21,1.43,1.67,1.92,2.17,2.41,2.64,2.86,3.09,3.38,3.78,4.34,5.1,6.01,6.95,7.71,8.03,7.66,6.49,4.66,2.58,0.85,0,0,0,0,0,0,0,0,0,0,0,0,0,0,0,0
36,Mouse_Abx_IMI_Day-4_cage4,mouse_Abx,4,IMI,-4,1.17,112,286,4.3,2.1,9/28/2022 15:14,0,0,0,0,0,0,0,0,0,0,0,0,0,0,0,0,0,0,0,0,0,0,0,0,0,0,0,0,0,0,0,0.24,0.81,1.54,2.15,2.44,2.31,1.87,1.31,0.82,0.51,0.4,0.44,0.53,0.61,0.67,0.68,0.66,0.63,0.6,0.58,0.56,0.55,0.53,0.53,0.53,0.55,0.59,0.64,0.72,0.82,0.95,1.1,1.28,1.47,1.66,1.87,2.07,2.26,2.46,2.67,2.93,3.27,3.72,4.32,5.03,5.76,6.36,6.61,6.32,5.37,3.87,2.14,0.7,0,0,0,0,0,0,0,0,0,0,0,0,0,0,0,0,0
37,Mouse_Abx_IMI_Day-4_cage4,mouse_Abx,4,IMI,-4,1.2,123,303,4.12,2.09,9/28/2022 15:15,0,0,0,0,0,0,0,0,0,0,0,0,0,0,0,0,0,0,0,0,0,0,0,0,0,0,0,0,0,0,0,0.23,0.77,1.47,2.06,2.33,2.21,1.78,1.24,0.77,0.48,0.38,0.41,0.49,0.57,0.62,0.63,0.61,0.59,0.56,0.54,0.53,0.51,0.5,0.5,0.5,0.52,0.55,0.6,0.66,0.75,0.87,1.02,1.19,1.39,1.59,1.81,2.01,2.21,2.39,2.58,2.8,3.09,3.5,4.07,4.77,5.56,6.28,6.73,6.69,6,4.66,2.93,1.27,0.21,0,0,0,0,0,0,0,0,0,0,0,0,0,0,0,0
38,Mouse_Abx_IMI_Day-4_cage4,mouse_Abx,4,IMI,-4,1.2,121,295,3.83,2.08,9/28/2022 15:15,0,0,0,0,0,0,0,0,0,0,0,0,0,0,0,0,0,0,0,0,0,0,0,0,0,0,0,0,0,0,0,0.23,0.77,1.47,2.07,2.34,2.23,1.81,1.26,0.79,0.49,0.39,0.41,0.49,0.57,0.62,0.62,0.61,0.58,0.56,0.54,0.52,0.51,0.5,0.49,0.5,0.52,0.55,0.61,0.69,0.79,0.91,1.05,1.21,1.38,1.57,1.76,1.96,2.16,2.37,2.61,2.9,3.28,3.77,4.39,5.12,5.86,6.47,6.74,6.5,5.64,4.22,2.52,1,0.11,0,0,0,0,0,0,0,0,0,0,0,0,0,0,0,0
39,Mouse_Abx_IMI_Day-4_cage4,mouse_Abx,4,IMI,-4,1.19,118,344,1.44,2.07,9/28/2022 15:16,0,0,0,0,0,0,0,0,0,0,0,0,0,0,0,0,0,0,0,0,0,0,0,0,0,0,0,0,0,0,0,0.23,0.79,1.49,2.09,2.36,2.24,1.81,1.26,0.78,0.49,0.38,0.4,0.48,0.57,0.61,0.62,0.61,0.58,0.55,0.53,0.52,0.5,0.49,0.49,0.49,0.52,0.56,0.62,0.71,0.81,0.93,1.06,1.2,1.35,1.51,1.7,1.92,2.18,2.47,2.79,3.13,3.46,3.8,4.12,4.45,4.77,5.06,5.27,5.33,5.14,4.63,3.81,2.76,1.67,0.75,0.18,0,0,0,0,0,0,0,0,0,0,0,0,0,0
40,Mouse_Abx_IMI_Day-4_cage4,mouse_Abx,4,IMI,-4,1.2,119,323,1.53,2.07,9/28/2022 15:16,0,0,0,0,0,0,0,0,0,0,0,0,0,0,0,0,0,0,0,0,0,0,0,0,0,0,0,0,0,0,0,0.22,0.76,1.46,2.05,2.33,2.22,1.81,1.27,0.8,0.5,0.38,0.4,0.48,0.55,0.6,0.61,0.59,0.56,0.54,0.52,0.5,0.49,0.48,0.48,0.49,0.51,0.55,0.61,0.69,0.79,0.91,1.04,1.19,1.36,1.55,1.75,1.97,2.21,2.47,2.76,3.08,3.44,3.83,4.26,4.73,5.19,5.58,5.8,5.75,5.33,4.53,3.43,2.19,1.08,0.31,0,0,0,0,0,0,0,0,0,0,0,0,0,0,0
41,Mouse_Abx_IMI_Day-2_cage4,mouse_Abx,4,IMI,-2,28.6,159,339,3.12,1.22,9/28/2022 15:19,0,0,0,0,0,0,0,0,0,0,0,0,0,0,0,0,0,0,0,0,0,0,0,0,0,0,0,0,0,0,0,0,0,0.11,0.19,0.24,0.25,0.22,0.17,0.14,0.13,0.14,0.16,0.18,0.18,0.18,0.18,0.19,0.2,0.22,0.25,0.29,0.33,0.37,0.41,0.45,0.5,0.56,0.65,0.76,0.9,1.06,1.24,1.45,1.67,1.91,2.17,2.44,2.72,3.01,3.29,3.59,3.9,4.27,4.72,5.29,5.96,6.65,7.22,7.44,7.12,6.12,4.52,2.65,1,0.07,0,0,0,0,0,0,0,0,0,0,0,0,0,0,0
42,Mouse_Abx_IMI_Day-2_cage4,mouse_Abx,4,IMI,-2,28.6,155,330,3.11,1.23,9/28/2022 15:19,0,0,0,0,0,0,0,0,0,0,0,0,0,0,0,0,0,0,0,0,0,0,0,0,0,0,0,0,0,0,0,0,0,0.11,0.19,0.24,0.25,0.22,0.17,0.14,0.13,0.14,0.16,0.17,0.18,0.18,0.18,0.18,0.19,0.22,0.25,0.29,0.33,0.37,0.41,0.45,0.5,0.56,0.65,0.76,0.9,1.07,1.27,1.49,1.73,1.99,2.26,2.54,2.81,3.07,3.33,3.6,3.92,4.31,4.83,5.47,6.19,6.9,7.4,7.48,6.97,5.8,4.1,2.24,0.73,0,0,0,0,0,0,0,0,0,0,0,0,0,0,0,0
43,Mouse_Abx_IMI_Day-2_cage4,mouse_Abx,4,IMI,-2,32.1,178,393,2.69,1.28,9/28/2022 15:20,0,0,0,0,0,0,0,0,0,0,0,0,0,0,0,0,0,0,0,0,0,0,0,0,0,0,0,0,0,0,0,0,0,0.09,0.16,0.21,0.23,0.2,0.16,0.13,0.12,0.13,0.14,0.15,0.16,0.16,0.16,0.17,0.18,0.19,0.22,0.25,0.29,0.32,0.36,0.4,0.45,0.51,0.59,0.69,0.8,0.94,1.1,1.28,1.49,1.72,1.99,2.28,2.58,2.88,3.17,3.42,3.64,3.86,4.12,4.49,4.99,5.62,6.32,6.91,7.2,6.98,6.13,4.7,2.95,1.33,0.28,0,0,0,0,0,0,0,0,0,0,0,0,0,0
44,Mouse_Abx_IMI_Day-2_cage4,mouse_Abx,4,IMI,-2,27.1,143,309,3.98,1.21,9/28/2022 15:20,0,0,0,0,0,0,0,0,0,0,0,0,0,0,0,0,0,0,0,0,0,0,0,0,0,0,0,0,0,0,0,0,0,0.11,0.2,0.26,0.27,0.24,0.19,0.15,0.14,0.15,0.17,0.18,0.19,0.19,0.18,0.19,0.2,0.22,0.26,0.3,0.34,0.38,0.43,0.47,0.53,0.59,0.68,0.8,0.95,1.14,1.35,1.6,1.86,2.15,2.45,2.75,3.05,3.34,3.62,3.91,4.24,4.65,5.15,5.75,6.4,6.97,7.28,7.13,6.35,4.96,3.18,1.46,0.31,0,0,0,0,0,0,0,0,0,0,0,0,0,0,0,0
45,Mouse_Abx_IMI_Day-2_cage4,mouse_Abx,4,IMI,-2,30.7,169,380,2.37,1.27,9/28/2022 15:21,0,0,0,0,0,0,0,0,0,0,0,0,0,0,0,0,0,0,0,0,0,0,0,0,0,0,0,0,0,0,0,0,0,0.1,0.17,0.22,0.23,0.21,0.16,0.13,0.13,0.14,0.15,0.16,0.17,0.17,0.17,0.17,0.18,0.2,0.23,0.27,0.3,0.34,0.37,0.42,0.46,0.53,0.61,0.71,0.84,0.99,1.17,1.36,1.58,1.82,2.09,2.38,2.69,3,3.29,3.56,3.8,4.04,4.32,4.69,5.17,5.76,6.37,6.85,7,6.63,5.66,4.19,2.49,1,0.14,0,0,0,0,0,0,0,0,0,0,0,0,0,0
46,Mouse_Abx_IMI_Day-4_cage5,mouse_Abx,5,IMI,-4,7.17,131,319,1.37,1.15,9/28/2022 15:22,0,0,0,0,0,0,0,0,0,0,0,0,0,0,0,0,0,0,0,0,0,0,0,0,0,0,0,0,0,0,0,0,0.25,0.53,0.79,0.92,0.89,0.75,0.56,0.4,0.33,0.32,0.36,0.39,0.42,0.44,0.45,0.45,0.47,0.49,0.52,0.55,0.57,0.59,0.6,0.62,0.66,0.71,0.79,0.9,1.03,1.17,1.32,1.47,1.62,1.78,1.96,2.18,2.44,2.77,3.14,3.55,4,4.46,4.92,5.39,5.81,6.14,6.29,6.15,5.61,4.65,3.38,2.02,0.86,0.17,0,0,0,0,0,0,0,0,0,0,0,0,0,0,0
47,Mouse_Abx_IMI_Day-4_cage5,mouse_Abx,5,IMI,-4,8.39,136,338,1.13,1.14,9/28/2022 15:23,0,0,0,0,0,0,0,0,0,0,0,0,0,0,0,0,0,0,0,0,0,0,0,0,0,0,0,0,0,0,0,0,0.23,0.49,0.74,0.87,0.86,0.72,0.54,0.38,0.31,0.3,0.32,0.36,0.38,0.4,0.4,0.41,0.43,0.46,0.49,0.52,0.54,0.56,0.57,0.59,0.63,0.68,0.77,0.88,1.01,1.15,1.3,1.46,1.61,1.76,1.94,2.16,2.42,2.74,3.11,3.51,3.92,4.34,4.75,5.16,5.55,5.89,6.11,6.1,5.75,5.02,3.92,2.63,1.39,0.46,0,0,0,0,0,0,0,0,0,0,0,0,0,0,0
48,Mouse_Abx_IMI_Day-4_cage5,mouse_Abx,5,IMI,-4,7.81,130,306,1.43,1.11,9/28/2022 15:23,0,0,0,0,0,0,0,0,0,0,0,0,0,0,0,0,0,0,0,0,0,0,0,0,0,0,0,0,0,0,0,0,0.25,0.53,0.78,0.91,0.89,0.74,0.55,0.39,0.31,0.3,0.33,0.36,0.39,0.4,0.41,0.42,0.44,0.46,0.5,0.53,0.56,0.58,0.59,0.61,0.64,0.7,0.78,0.89,1.04,1.2,1.38,1.56,1.74,1.91,2.09,2.29,2.51,2.79,3.12,3.51,3.97,4.48,5.04,5.61,6.12,6.49,6.58,6.3,5.56,4.4,2.98,1.57,0.5,0,0,0,0,0,0,0,0,0,0,0,0,0,0,0,0
49,Mouse_Abx_IMI_Day-4_cage5,mouse_Abx,5,IMI,-4,8.25,132,307,1.34,1.09,9/28/2022 15:24,0,0,0,0,0,0,0,0,0,0,0,0,0,0,0,0,0,0,0,0,0,0,0,0,0,0,0,0,0,0,0,0,0.24,0.52,0.77,0.91,0.89,0.74,0.55,0.39,0.3,0.29,0.31,0.34,0.37,0.38,0.39,0.4,0.42,0.45,0.49,0.52,0.55,0.57,0.58,0.6,0.64,0.7,0.78,0.9,1.04,1.19,1.36,1.52,1.68,1.83,2,2.21,2.46,2.78,3.15,3.59,4.07,4.59,5.13,5.67,6.14,6.47,6.56,6.29,5.58,4.44,3.04,1.64,0.56,0,0,0,0,0,0,0,0,0,0,0,0,0,0,0,0
50,Mouse_Abx_IMI_Day-4_cage5,mouse_Abx,5,IMI,-4,10.7,145,351,1.12,1.09,9/28/2022 15:24,0,0,0,0,0,0,0,0,0,0,0,0,0,0,0,0,0,0,0,0,0,0,0,0,0,0,0,0,0,0,0,0,0.22,0.47,0.7,0.82,0.81,0.68,0.5,0.36,0.28,0.26,0.28,0.31,0.33,0.34,0.34,0.35,0.37,0.4,0.43,0.46,0.49,0.5,0.51,0.53,0.57,0.62,0.71,0.82,0.95,1.09,1.24,1.37,1.5,1.64,1.8,2.01,2.29,2.63,3.04,3.49,3.96,4.42,4.85,5.26,5.63,5.95,6.15,6.17,5.89,5.25,4.26,3.03,1.78,0.75,0.15,0,0,0,0,0,0,0,0,0,0,0,0,0,0
51,Mouse_Abx_IMI_Day-4_cage2,mouse_Abx,2,IMI,-4,5.92,90.1,201,3.31,0.88,9/28/2022 15:26,0,0,0,0,0,0,0,0,0,0,0,0,0,0,0,0,0,0,0,0,0,0,0,0,0,0,0,0,0,0,0,0,0.14,0.38,0.63,0.79,0.81,0.73,0.6,0.51,0.47,0.49,0.52,0.54,0.54,0.54,0.54,0.55,0.59,0.64,0.7,0.75,0.78,0.79,0.79,0.8,0.84,0.91,1.05,1.25,1.52,1.82,2.13,2.41,2.63,2.79,2.89,2.99,3.16,3.47,3.97,4.68,5.54,6.4,7.08,7.33,6.98,5.93,4.31,2.46,0.86,0,0,0,0,0,0,0,0,0,0,0,0,0,0,0,0,0,0,0,0
52,Mouse_Abx_IMI_Day-4_cage2,mouse_Abx,2,IMI,-4,6.67,93.1,202,3.27,0.85,9/28/2022 15:26,0,0,0,0,0,0,0,0,0,0,0,0,0,0,0,0,0,0,0,0,0,0,0,0,0,0,0,0,0,0,0,0,0.14,0.37,0.61,0.76,0.78,0.69,0.56,0.46,0.42,0.43,0.46,0.49,0.5,0.5,0.51,0.53,0.56,0.61,0.67,0.72,0.75,0.77,0.78,0.8,0.84,0.92,1.06,1.25,1.5,1.78,2.07,2.33,2.53,2.68,2.8,2.92,3.13,3.48,4.02,4.77,5.67,6.56,7.25,7.51,7.14,6.07,4.42,2.53,0.9,0,0,0,0,0,0,0,0,0,0,0,0,0,0,0,0,0,0,0,0
53,Mouse_Abx_IMI_Day-4_cage2,mouse_Abx,2,IMI,-4,6.49,88.9,196,3.47,0.83,9/28/2022 15:27,0,0,0,0,0,0,0,0,0,0,0,0,0,0,0,0,0,0,0,0,0,0,0,0,0,0,0,0,0,0,0,0,0.15,0.39,0.63,0.78,0.79,0.7,0.57,0.46,0.42,0.43,0.46,0.49,0.5,0.5,0.51,0.53,0.57,0.62,0.68,0.74,0.78,0.8,0.81,0.82,0.87,0.95,1.1,1.31,1.57,1.86,2.15,2.41,2.61,2.77,2.89,3.05,3.29,3.68,4.25,5,5.85,6.66,7.21,7.31,6.79,5.6,3.92,2.11,0.67,0,0,0,0,0,0,0,0,0,0,0,0,0,0,0,0,0,0,0,0
54,Mouse_Abx_IMI_Day-4_cage2,mouse_Abx,2,IMI,-4,6.94,91.6,196,3.76,0.82,9/28/2022 15:27,0,0,0,0,0,0,0,0,0,0,0,0,0,0,0,0,0,0,0,0,0,0,0,0,0,0,0,0,0,0,0,0,0.15,0.39,0.62,0.77,0.78,0.69,0.55,0.44,0.39,0.4,0.43,0.46,0.47,0.48,0.49,0.51,0.55,0.6,0.66,0.72,0.76,0.77,0.78,0.8,0.84,0.93,1.08,1.29,1.55,1.85,2.15,2.42,2.62,2.75,2.85,2.95,3.15,3.52,4.11,4.93,5.89,6.82,7.49,7.65,7.09,5.79,3.97,2.05,0.6,0,0,0,0,0,0,0,0,0,0,0,0,0,0,0,0,0,0,0,0
55,Mouse_Abx_IMI_Day-4_cage2,mouse_Abx,2,IMI,-4,6.85,89.4,197,3.44,0.81,9/28/2022 15:27,0,0,0,0,0,0,0,0,0,0,0,0,0,0,0,0,0,0,0,0,0,0,0,0,0,0,0,0,0,0,0,0,0.15,0.4,0.64,0.79,0.8,0.71,0.56,0.45,0.39,0.4,0.43,0.45,0.47,0.47,0.48,0.5,0.54,0.6,0.67,0.73,0.77,0.79,0.81,0.82,0.87,0.95,1.09,1.29,1.54,1.84,2.14,2.42,2.65,2.82,2.96,3.1,3.32,3.67,4.21,4.93,5.78,6.61,7.21,7.35,6.86,5.69,4.01,2.18,0.7,0,0,0,0,0,0,0,0,0,0,0,0,0,0,0,0,0,0,0,0
56,Mouse_Abx_IMI_Day-4_cage3,mouse_Abx,3,IMI,-4,1.81,136,373,2.22,1.97,9/28/2022 15:30,0,0,0,0,0,0,0,0,0,0,0,0,0,0,0,0,0,0,0,0,0,0,0,0,0,0,0,0,0,0,0,0.14,0.52,1.04,1.49,1.72,1.66,1.38,1.01,0.68,0.48,0.41,0.43,0.49,0.55,0.59,0.6,0.6,0.59,0.58,0.58,0.59,0.58,0.58,0.57,0.58,0.6,0.64,0.69,0.77,0.86,0.97,1.09,1.22,1.36,1.51,1.68,1.87,2.08,2.31,2.55,2.8,3.06,3.35,3.67,4.04,4.48,4.97,5.45,5.81,5.9,5.61,4.86,3.7,2.33,1.07,0.24,0,0,0,0,0,0,0,0,0,0,0,0,0,0
57,Mouse_Abx_IMI_Day-4_cage3,mouse_Abx,3,IMI,-4,1.79,133,331,2.92,1.96,9/28/2022 15:30,0,0,0,0,0,0,0,0,0,0,0,0,0,0,0,0,0,0,0,0,0,0,0,0,0,0,0,0,0,0,0,0.14,0.52,1.04,1.49,1.73,1.68,1.4,1.02,0.68,0.47,0.4,0.42,0.48,0.54,0.58,0.59,0.59,0.59,0.58,0.58,0.58,0.58,0.58,0.58,0.59,0.61,0.65,0.7,0.78,0.88,0.99,1.12,1.27,1.43,1.6,1.78,1.97,2.16,2.35,2.55,2.77,3.05,3.42,3.89,4.49,5.17,5.85,6.38,6.57,6.26,5.38,4,2.39,0.97,0.13,0,0,0,0,0,0,0,0,0,0,0,0,0,0,0
58,Mouse_Abx_IMI_Day-4_cage3,mouse_Abx,3,IMI,-4,3.01,168,450,1.87,1.97,9/28/2022 15:30,0,0,0,0,0,0,0,0,0,0,0,0,0,0,0,0,0,0,0,0,0,0,0,0,0,0,0,0,0,0,0,0.12,0.44,0.88,1.27,1.47,1.42,1.19,0.86,0.57,0.39,0.33,0.34,0.4,0.45,0.48,0.5,0.5,0.49,0.49,0.49,0.49,0.49,0.48,0.48,0.49,0.52,0.56,0.62,0.69,0.77,0.87,0.97,1.08,1.19,1.32,1.48,1.66,1.88,2.12,2.38,2.64,2.89,3.13,3.36,3.6,3.9,4.27,4.73,5.24,5.69,5.96,5.9,5.39,4.4,3.06,1.66,0.54,0,0,0,0,0,0,0,0,0,0,0,0,0
59,Mouse_Abx_IMI_Day-4_cage3,mouse_Abx,3,IMI,-4,1.76,131,305,3.73,1.94,9/28/2022 15:31,0,0,0,0,0,0,0,0,0,0,0,0,0,0,0,0,0,0,0,0,0,0,0,0,0,0,0,0,0,0,0,0.14,0.53,1.05,1.51,1.74,1.69,1.4,1.02,0.67,0.45,0.38,0.4,0.46,0.53,0.57,0.58,0.58,0.57,0.57,0.57,0.58,0.58,0.58,0.58,0.6,0.62,0.66,0.71,0.79,0.88,1,1.14,1.3,1.47,1.66,1.84,2.02,2.19,2.36,2.54,2.78,3.11,3.58,4.22,4.99,5.83,6.56,7,6.91,6.16,4.77,3,1.32,0.25,0,0,0,0,0,0,0,0,0,0,0,0,0,0,0,0
60,Mouse_Abx_IMI_Day-4_cage3,mouse_Abx,3,IMI,-4,2.94,161,433,2.02,1.95,9/28/2022 15:31,0,0,0,0,0,0,0,0,0,0,0,0,0,0,0,0,0,0,0,0,0,0,0,0,0,0,0,0,0,0,0,0.12,0.45,0.9,1.29,1.49,1.45,1.2,0.87,0.58,0.39,0.32,0.33,0.39,0.45,0.48,0.5,0.5,0.49,0.48,0.48,0.48,0.48,0.48,0.48,0.5,0.53,0.57,0.63,0.71,0.79,0.89,0.99,1.1,1.22,1.36,1.53,1.74,1.98,2.24,2.52,2.79,3.03,3.23,3.41,3.62,3.9,4.29,4.81,5.38,5.87,6.1,5.91,5.19,4.01,2.57,1.22,0.31,0,0,0,0,0,0,0,0,0,0,0,0,0
61,Mouse_Abx_IMI_Day-2_cage5,mouse_Abx,5,IMI,-2,27.8,187,420,1.97,1.35,9/28/2022 15:33,0,0,0,0,0,0,0,0,0,0,0,0,0,0,0,0,0,0,0,0,0,0,0,0,0,0,0,0,0,0,0,0,0,0.12,0.21,0.26,0.26,0.23,0.18,0.14,0.13,0.14,0.16,0.18,0.19,0.2,0.21,0.22,0.23,0.25,0.28,0.31,0.34,0.38,0.43,0.47,0.53,0.59,0.67,0.75,0.86,0.98,1.12,1.29,1.48,1.71,1.96,2.23,2.51,2.77,2.99,3.17,3.31,3.45,3.63,3.92,4.37,5.01,5.77,6.52,7.05,7.14,6.62,5.47,3.84,2.09,0.69,0,0,0,0,0,0,0,0,0,0,0,0,0,0
62,Mouse_Abx_IMI_Day-2_cage5,mouse_Abx,5,IMI,-2,30,194,441,1.63,1.37,9/28/2022 15:34,0,0,0,0,0,0,0,0,0,0,0,0,0,0,0,0,0,0,0,0,0,0,0,0,0,0,0,0,0,0,0,0,0,0.12,0.19,0.24,0.24,0.21,0.16,0.13,0.12,0.13,0.15,0.17,0.18,0.19,0.19,0.2,0.21,0.23,0.25,0.28,0.32,0.35,0.39,0.43,0.49,0.55,0.62,0.71,0.82,0.93,1.07,1.22,1.39,1.58,1.8,2.05,2.31,2.58,2.84,3.08,3.31,3.53,3.77,4.08,4.5,5.04,5.67,6.3,6.78,6.93,6.59,5.7,4.34,2.74,1.28,0.31,0,0,0,0,0,0,0,0,0,0,0,0,0
63,Mouse_Abx_IMI_Day-2_cage5,mouse_Abx,5,IMI,-2,27.3,173,368,2.5,1.33,9/28/2022 15:34,0,0,0,0,0,0,0,0,0,0,0,0,0,0,0,0,0,0,0,0,0,0,0,0,0,0,0,0,0,0,0,0,0,0.13,0.21,0.27,0.27,0.23,0.18,0.14,0.13,0.14,0.16,0.18,0.19,0.2,0.21,0.21,0.22,0.24,0.27,0.31,0.34,0.38,0.43,0.48,0.53,0.6,0.67,0.77,0.89,1.03,1.2,1.38,1.59,1.81,2.05,2.29,2.52,2.74,2.95,3.16,3.39,3.69,4.1,4.68,5.4,6.22,6.98,7.48,7.5,6.86,5.57,3.81,2,0.62,0,0,0,0,0,0,0,0,0,0,0,0,0,0,0
64,Mouse_Abx_IMI_Day-2_cage5,mouse_Abx,5,IMI,-2,30.8,193,451,1.44,1.35,9/28/2022 15:35,0,0,0,0,0,0,0,0,0,0,0,0,0,0,0,0,0,0,0,0,0,0,0,0,0,0,0,0,0,0,0,0,0,0.11,0.19,0.24,0.25,0.21,0.17,0.13,0.12,0.13,0.15,0.17,0.18,0.18,0.18,0.19,0.2,0.22,0.24,0.27,0.3,0.34,0.37,0.42,0.47,0.53,0.61,0.7,0.81,0.93,1.07,1.22,1.39,1.57,1.77,2,2.25,2.54,2.83,3.13,3.41,3.67,3.92,4.2,4.55,4.98,5.5,6.04,6.47,6.64,6.4,5.69,4.52,3.07,1.63,0.53,0,0,0,0,0,0,0,0,0,0,0,0,0
65,Mouse_Abx_IMI_Day-2_cage5,mouse_Abx,5,IMI,-2,27.3,172,372,2.31,1.31,9/28/2022 15:35,0,0,0,0,0,0,0,0,0,0,0,0,0,0,0,0,0,0,0,0,0,0,0,0,0,0,0,0,0,0,0,0,0,0.13,0.21,0.27,0.27,0.23,0.18,0.14,0.13,0.14,0.16,0.18,0.19,0.2,0.2,0.21,0.22,0.24,0.26,0.3,0.34,0.38,0.42,0.48,0.53,0.6,0.69,0.78,0.9,1.04,1.19,1.37,1.57,1.8,2.04,2.3,2.57,2.82,3.05,3.27,3.49,3.75,4.1,4.6,5.25,6.02,6.77,7.3,7.39,6.85,5.65,3.96,2.15,0.7,0,0,0,0,0,0,0,0,0,0,0,0,0,0,0
66,Mouse_Abx_IMI_Day-4_cage1,mouse_Abx,1,IMI,-4,1.34,103,274,3.24,1.95,9/28/2022 15:37,0,0,0,0,0,0,0,0,0,0,0,0,0,0,0,0,0,0,0,0,0,0,0,0,0,0,0,0,0,0,0,0.2,0.69,1.3,1.82,2.05,1.94,1.58,1.11,0.73,0.5,0.44,0.49,0.58,0.66,0.71,0.71,0.7,0.68,0.67,0.67,0.67,0.68,0.68,0.69,0.7,0.72,0.77,0.83,0.92,1.03,1.17,1.33,1.51,1.7,1.89,2.07,2.25,2.42,2.6,2.81,3.09,3.47,3.96,4.55,5.2,5.79,6.18,6.2,5.72,4.69,3.25,1.72,0.53,0,0,0,0,0,0,0,0,0,0,0,0,0,0,0,0,0
67,Mouse_Abx_IMI_Day-4_cage1,mouse_Abx,1,IMI,-4,1.33,104,307,1.59,1.89,9/28/2022 15:37,0,0,0,0,0,0,0,0,0,0,0,0,0,0,0,0,0,0,0,0,0,0,0,0,0,0,0,0,0,0,0,0.2,0.69,1.31,1.83,2.07,1.97,1.6,1.13,0.73,0.5,0.43,0.47,0.56,0.64,0.68,0.69,0.67,0.66,0.65,0.64,0.65,0.65,0.65,0.66,0.67,0.7,0.75,0.82,0.92,1.03,1.16,1.31,1.46,1.62,1.79,1.97,2.17,2.38,2.63,2.91,3.21,3.55,3.91,4.29,4.66,5,5.27,5.37,5.23,4.77,3.97,2.93,1.8,0.82,0.19,0,0,0,0,0,0,0,0,0,0,0,0,0,0,0
68,Mouse_Abx_IMI_Day-4_cage1,mouse_Abx,1,IMI,-4,1.41,116,346,1.32,1.88,9/28/2022 15:38,0,0,0,0,0,0,0,0,0,0,0,0,0,0,0,0,0,0,0,0,0,0,0,0,0,0,0,0,0,0,0,0.19,0.66,1.25,1.74,1.97,1.86,1.51,1.07,0.69,0.46,0.39,0.43,0.51,0.59,0.63,0.63,0.62,0.6,0.59,0.59,0.59,0.59,0.6,0.6,0.62,0.65,0.7,0.76,0.85,0.95,1.07,1.2,1.33,1.48,1.64,1.82,2.04,2.28,2.56,2.87,3.2,3.52,3.82,4.11,4.39,4.67,4.91,5.1,5.15,4.98,4.52,3.77,2.8,1.77,0.86,0.25,0,0,0,0,0,0,0,0,0,0,0,0,0,0
69,Mouse_Abx_IMI_Day-4_cage1,mouse_Abx,1,IMI,-4,1.36,112,325,1.48,1.85,9/28/2022 15:38,0,0,0,0,0,0,0,0,0,0,0,0,0,0,0,0,0,0,0,0,0,0,0,0,0,0,0,0,0,0,0,0.2,0.68,1.29,1.8,2.03,1.93,1.57,1.11,0.72,0.48,0.41,0.44,0.52,0.59,0.63,0.63,0.62,0.6,0.59,0.59,0.59,0.6,0.6,0.61,0.62,0.65,0.7,0.77,0.86,0.97,1.1,1.24,1.39,1.55,1.71,1.88,2.08,2.3,2.56,2.86,3.18,3.52,3.88,4.24,4.6,4.94,5.22,5.38,5.33,5.01,4.35,3.4,2.28,1.21,0.4,0,0,0,0,0,0,0,0,0,0,0,0,0,0,0
70,Mouse_Abx_IMI_Day-4_cage1,mouse_Abx,1,IMI,-4,1.32,108,315,1.52,1.83,9/28/2022 15:38,0,0,0,0,0,0,0,0,0,0,0,0,0,0,0,0,0,0,0,0,0,0,0,0,0,0,0,0,0,0,0,0.21,0.7,1.33,1.85,2.08,1.98,1.6,1.13,0.72,0.48,0.41,0.44,0.52,0.59,0.63,0.63,0.62,0.6,0.58,0.58,0.59,0.6,0.6,0.61,0.62,0.65,0.69,0.77,0.86,0.98,1.11,1.25,1.41,1.56,1.74,1.92,2.14,2.39,2.69,3.01,3.36,3.72,4.06,4.4,4.71,4.98,5.19,5.27,5.16,4.77,4.07,3.11,2.02,1.02,0.3,0,0,0,0,0,0,0,0,0,0,0,0,0,0,0
71,Mouse_Abx_IMI_Day-2_cage1,mouse_Abx,1,IMI,-2,35.4,189,379,3.15,1.21,9/28/2022 15:40,0,0,0,0,0,0,0,0,0,0,0,0,0,0,0,0,0,0,0,0,0,0,0,0,0,0,0,0,0,0,0,0,0,0.06,0.11,0.15,0.16,0.15,0.12,0.11,0.11,0.12,0.13,0.14,0.15,0.14,0.14,0.14,0.15,0.16,0.19,0.22,0.26,0.3,0.34,0.38,0.43,0.49,0.57,0.66,0.76,0.89,1.03,1.2,1.4,1.62,1.88,2.15,2.43,2.7,2.94,3.16,3.38,3.65,4.02,4.58,5.34,6.26,7.2,7.92,8.12,7.59,6.28,4.36,2.32,0.72,0,0,0,0,0,0,0,0,0,0,0,0,0,0,0
72,Mouse_Abx_IMI_Day-2_cage1,mouse_Abx,1,IMI,-2,39.7,212,430,2.24,1.26,9/28/2022 15:41,0,0,0,0,0,0,0,0,0,0,0,0,0,0,0,0,0,0,0,0,0,0,0,0,0,0,0,0,0,0,0,0,0,0,0.1,0.14,0.15,0.14,0.12,0.1,0.1,0.11,0.12,0.13,0.13,0.13,0.12,0.12,0.13,0.15,0.17,0.2,0.23,0.26,0.3,0.33,0.38,0.44,0.51,0.59,0.69,0.8,0.93,1.07,1.23,1.42,1.64,1.88,2.15,2.43,2.69,2.94,3.16,3.4,3.69,4.11,4.69,5.47,6.36,7.22,7.82,7.93,7.36,6.09,4.29,2.35,0.79,0,0,0,0,0,0,0,0,0,0,0,0,0,0
73,Mouse_Abx_IMI_Day-2_cage1,mouse_Abx,1,IMI,-2,38.8,205,415,2.57,1.27,9/28/2022 15:41,0,0,0,0,0,0,0,0,0,0,0,0,0,0,0,0,0,0,0,0,0,0,0,0,0,0,0,0,0,0,0,0,0,0,0.1,0.14,0.15,0.14,0.12,0.1,0.1,0.11,0.12,0.13,0.13,0.13,0.12,0.12,0.13,0.15,0.17,0.2,0.23,0.26,0.3,0.34,0.39,0.45,0.52,0.6,0.71,0.82,0.96,1.11,1.28,1.49,1.72,1.98,2.25,2.53,2.79,3.02,3.23,3.46,3.76,4.2,4.83,5.65,6.58,7.44,7.97,7.92,7.13,5.65,3.72,1.83,0.49,0,0,0,0,0,0,0,0,0,0,0,0,0,0
74,Mouse_Abx_IMI_Day-2_cage1,mouse_Abx,1,IMI,-2,37.6,196,410,2.4,1.26,9/28/2022 15:42,0,0,0,0,0,0,0,0,0,0,0,0,0,0,0,0,0,0,0,0,0,0,0,0,0,0,0,0,0,0,0,0,0,0,0.1,0.14,0.15,0.14,0.12,0.11,0.1,0.11,0.13,0.13,0.14,0.13,0.13,0.13,0.14,0.15,0.17,0.2,0.24,0.27,0.31,0.35,0.4,0.46,0.54,0.63,0.73,0.85,0.99,1.15,1.34,1.55,1.79,2.06,2.35,2.64,2.93,3.19,3.43,3.68,3.99,4.41,4.98,5.7,6.5,7.21,7.62,7.51,6.73,5.32,3.51,1.74,0.48,0,0,0,0,0,0,0,0,0,0,0,0,0,0
75,Mouse_Abx_IMI_Day-2_cage1,mouse_Abx,1,IMI,-2,35.1,178,342,3.67,1.23,9/28/2022 15:42,0,0,0,0,0,0,0,0,0,0,0,0,0,0,0,0,0,0,0,0,0,0,0,0,0,0,0,0,0,0,0,0,0,0,0.11,0.16,0.17,0.16,0.13,0.12,0.11,0.12,0.13,0.14,0.14,0.14,0.14,0.14,0.14,0.16,0.18,0.22,0.25,0.29,0.33,0.38,0.43,0.49,0.56,0.65,0.77,0.92,1.09,1.3,1.53,1.78,2.05,2.3,2.53,2.73,2.91,3.11,3.37,3.78,4.39,5.25,6.3,7.38,8.26,8.63,8.21,6.92,4.92,2.69,0.87,0,0,0,0,0,0,0,0,0,0,0,0,0,0,0,0
1,Mouse_Abx_GOS_Day-1_cage1,mouse_Abx,1,GOS,-1,51.9,342,854,1.28,2.9,10/4/2022 10:22,0,0,0,0,0,0,0,0,0,0,0,0,0,0,0,0,0,0,0,0,0,0,0,0,0,0,0,0,0,0,0,0,0,0.07,0.12,0.15,0.15,0.12,0.09,0.07,0.06,0.07,0.08,0.1,0.11,0.12,0.13,0.14,0.15,0.16,0.17,0.19,0.21,0.23,0.26,0.28,0.31,0.35,0.39,0.45,0.5,0.57,0.65,0.73,0.82,0.93,1.05,1.2,1.37,1.57,1.79,2.03,2.26,2.49,2.7,2.9,3.1,3.31,3.56,3.86,4.23,4.65,5.11,5.55,5.9,6.09,6.02,5.64,4.94,3.97,2.86,1.77,0.87,0.27,0,0,0,0,0,0,0
2,Mouse_Abx_GOS_Day-1_cage1,mouse_Abx,1,GOS,-1,44.3,275,681,1.13,3.05,10/4/2022 10:22,0,0,0,0,0,0,0,0,0,0,0,0,0,0,0,0,0,0,0,0,0,0,0,0,0,0,0,0,0,0,0,0,0,0.08,0.13,0.16,0.16,0.14,0.1,0.08,0.07,0.08,0.09,0.11,0.12,0.14,0.14,0.15,0.16,0.18,0.19,0.21,0.24,0.26,0.29,0.32,0.35,0.4,0.45,0.51,0.59,0.67,0.76,0.86,0.97,1.1,1.25,1.43,1.65,1.9,2.18,2.47,2.76,3.03,3.26,3.45,3.64,3.84,4.08,4.41,4.81,5.27,5.73,6.09,6.22,6.03,5.44,4.47,3.24,1.96,0.89,0.23,0,0,0,0,0,0,0,0,0
3,Mouse_Abx_GOS_Day-1_cage1,mouse_Abx,1,GOS,-1,40.8,249,602,1.04,3.11,10/4/2022 10:23,0,0,0,0,0,0,0,0,0,0,0,0,0,0,0,0,0,0,0,0,0,0,0,0,0,0,0,0,0,0,0,0,0,0.08,0.14,0.17,0.17,0.15,0.11,0.08,0.08,0.08,0.1,0.12,0.13,0.14,0.15,0.16,0.17,0.19,0.21,0.23,0.25,0.28,0.31,0.34,0.38,0.43,0.49,0.56,0.64,0.72,0.82,0.93,1.05,1.2,1.37,1.58,1.82,2.1,2.39,2.69,2.97,3.21,3.43,3.62,3.83,4.08,4.43,4.86,5.36,5.85,6.23,6.39,6.2,5.6,4.59,3.32,1.99,0.87,0.19,0,0,0,0,0,0,0,0,0,0
4,Mouse_Abx_GOS_Day-1_cage1,mouse_Abx,1,GOS,-1,37.5,228,556,1.02,3.09,10/4/2022 10:23,0,0,0,0,0,0,0,0,0,0,0,0,0,0,0,0,0,0,0,0,0,0,0,0,0,0,0,0,0,0,0,0,0,0.09,0.15,0.19,0.19,0.16,0.12,0.09,0.08,0.09,0.11,0.13,0.14,0.16,0.16,0.17,0.19,0.2,0.22,0.25,0.27,0.3,0.33,0.36,0.41,0.46,0.52,0.6,0.68,0.78,0.88,1,1.14,1.31,1.51,1.75,2.02,2.32,2.63,2.93,3.19,3.42,3.6,3.77,3.96,4.22,4.58,5.04,5.55,6.02,6.32,6.33,5.93,5.09,3.88,2.49,1.22,0.34,0,0,0,0,0,0,0,0,0,0,0
5,Mouse_Abx_GOS_Day-1_cage1,mouse_Abx,1,GOS,-1,34.2,204,508,1.25,3.07,10/4/2022 10:24,0,0,0,0,0,0,0,0,0,0,0,0,0,0,0,0,0,0,0,0,0,0,0,0,0,0,0,0,0,0,0,0,0,0.1,0.17,0.21,0.21,0.17,0.13,0.1,0.08,0.09,0.12,0.14,0.15,0.17,0.18,0.19,0.2,0.22,0.24,0.26,0.29,0.32,0.36,0.39,0.44,0.5,0.56,0.65,0.74,0.85,0.97,1.1,1.25,1.43,1.64,1.88,2.16,2.47,2.79,3.12,3.43,3.7,3.94,4.16,4.38,4.65,4.98,5.36,5.74,6.04,6.12,5.89,5.25,4.23,2.94,1.62,0.57,0,0,0,0,0,0,0,0,0,0,0,0
6,Mouse_Abx_IMI_Day-1_cage3,mouse_Abx,3,IMI,-1,114,627,1510,1.56,2.11,10/4/2022 10:26,0,0,0,0,0,0,0,0,0,0,0,0,0,0,0,0,0,0,0,0,0,0,0,0,0,0,0,0,0,0,0,0,0,0,0,0,0,0,0,0,0,0,0,0,0,0,0,0,0,0,0.06,0.07,0.08,0.09,0.1,0.12,0.13,0.16,0.18,0.22,0.25,0.29,0.34,0.38,0.44,0.49,0.56,0.64,0.74,0.86,1,1.17,1.35,1.55,1.74,1.93,2.1,2.25,2.39,2.55,2.75,3.02,3.4,3.9,4.5,5.16,5.78,6.27,6.53,6.5,6.16,5.54,4.7,3.76,2.83,2,1.34,0.86,0.51,0.24,0
7,Mouse_Abx_IMI_Day-1_cage3,mouse_Abx,3,IMI,-1,122,593,1420,1.16,2.58,10/4/2022 10:27,0,0,0,0,0,0,0,0,0,0,0,0,0,0,0,0,0,0,0,0,0,0,0,0,0,0,0,0,0,0,0,0,0,0,0,0,0,0,0,0,0,0,0,0,0,0,0,0,0,0,0,0,0.06,0.07,0.08,0.1,0.11,0.14,0.16,0.19,0.23,0.26,0.3,0.34,0.39,0.44,0.5,0.59,0.69,0.82,0.98,1.15,1.33,1.51,1.69,1.85,2.01,2.18,2.39,2.65,2.99,3.43,3.98,4.6,5.27,5.89,6.38,6.66,6.65,6.34,5.76,4.98,4.08,3.19,2.37,1.68,1.14,0.74,0.44,0.21,0
8,Mouse_Abx_IMI_Day-1_cage3,mouse_Abx,3,IMI,-1,113,529,1190,1.16,2.77,10/4/2022 10:27,0,0,0,0,0,0,0,0,0,0,0,0,0,0,0,0,0,0,0,0,0,0,0,0,0,0,0,0,0,0,0,0,0,0,0,0,0,0,0,0,0,0,0,0,0,0,0,0,0,0,0,0,0.06,0.07,0.09,0.1,0.12,0.14,0.17,0.2,0.24,0.28,0.32,0.36,0.41,0.47,0.55,0.64,0.77,0.92,1.1,1.29,1.48,1.67,1.84,2,2.16,2.36,2.61,2.94,3.39,3.96,4.62,5.34,6.04,6.62,6.99,7.06,6.8,6.2,5.33,4.29,3.21,2.2,1.37,0.75,0.35,0.12,0,0,0
9,Mouse_Abx_IMI_Day-1_cage3,mouse_Abx,3,IMI,-1,98.4,460,1060,1.3,2.73,10/4/2022 10:28,0,0,0,0,0,0,0,0,0,0,0,0,0,0,0,0,0,0,0,0,0,0,0,0,0,0,0,0,0,0,0,0,0,0,0,0,0,0,0,0,0,0,0,0,0,0,0,0,0,0,0.06,0.07,0.08,0.09,0.1,0.12,0.14,0.16,0.2,0.23,0.28,0.33,0.38,0.43,0.49,0.57,0.66,0.77,0.92,1.09,1.29,1.51,1.74,1.97,2.19,2.4,2.61,2.84,3.13,3.49,3.93,4.46,5.04,5.63,6.17,6.55,6.71,6.58,6.15,5.44,4.51,3.47,2.42,1.49,0.77,0.3,0.06,0,0,0,0
10,Mouse_Abx_IMI_Day-1_cage3,mouse_Abx,3,IMI,-1,99.6,454,1050,1.36,2.84,10/4/2022 10:28,0,0,0,0,0,0,0,0,0,0,0,0,0,0,0,0,0,0,0,0,0,0,0,0,0,0,0,0,0,0,0,0,0,0,0,0,0,0,0,0,0,0,0,0,0,0,0,0,0,0,0,0.07,0.07,0.08,0.1,0.11,0.13,0.16,0.19,0.23,0.28,0.33,0.38,0.43,0.49,0.56,0.65,0.76,0.9,1.07,1.28,1.53,1.78,2.05,2.3,2.54,2.77,3.01,3.27,3.58,3.96,4.42,4.96,5.53,6.07,6.49,6.69,6.6,6.18,5.44,4.47,3.38,2.32,1.4,0.71,0.27,0,0,0,0,0
11,Mouse_Abx_GOS_Day-4_cage5,mouse_Abx,5,GOS,-4,8.38,165,376,4.37,1.72,10/4/2022 10:30,0,0,0,0,0,0,0,0,0,0,0,0,0,0,0,0,0,0,0,0,0,0,0,0,0,0,0,0,0,0,0,0.07,0.27,0.54,0.78,0.9,0.85,0.7,0.5,0.34,0.27,0.26,0.29,0.34,0.38,0.41,0.42,0.44,0.44,0.46,0.47,0.49,0.51,0.53,0.57,0.61,0.66,0.73,0.8,0.88,0.96,1.04,1.13,1.25,1.4,1.58,1.81,2.06,2.31,2.54,2.73,2.86,2.97,3.1,3.33,3.75,4.4,5.25,6.19,6.97,7.33,7.01,5.92,4.2,2.27,0.71,0,0,0,0,0,0,0,0,0,0,0,0,0,0,0
12,Mouse_Abx_GOS_Day-4_cage5,mouse_Abx,5,GOS,-4,10.3,176,459,1.17,1.69,10/4/2022 10:31,0,0,0,0,0,0,0,0,0,0,0,0,0,0,0,0,0,0,0,0,0,0,0,0,0,0,0,0,0,0,0,0.06,0.25,0.5,0.72,0.83,0.79,0.64,0.46,0.31,0.24,0.23,0.26,0.3,0.34,0.37,0.39,0.4,0.41,0.42,0.44,0.46,0.48,0.5,0.53,0.57,0.62,0.68,0.76,0.84,0.92,1,1.09,1.19,1.31,1.47,1.66,1.89,2.14,2.41,2.66,2.89,3.07,3.24,3.4,3.61,3.91,4.32,4.83,5.38,5.86,6.11,6.01,5.47,4.49,3.19,1.84,0.73,0.11,0,0,0,0,0,0,0,0,0,0,0,0
13,Mouse_Abx_GOS_Day-4_cage5,mouse_Abx,5,GOS,-4,12.4,188,491,1.01,1.69,10/4/2022 10:31,0,0,0,0,0,0,0,0,0,0,0,0,0,0,0,0,0,0,0,0,0,0,0,0,0,0,0,0,0,0,0,0,0.23,0.47,0.68,0.78,0.75,0.61,0.43,0.29,0.22,0.21,0.24,0.28,0.31,0.34,0.35,0.36,0.38,0.39,0.41,0.43,0.45,0.47,0.5,0.54,0.59,0.65,0.73,0.8,0.88,0.96,1.04,1.12,1.23,1.37,1.55,1.76,2.02,2.3,2.58,2.84,3.06,3.25,3.42,3.59,3.83,4.16,4.6,5.11,5.61,5.97,6.05,5.74,4.98,3.86,2.54,1.3,0.4,0,0,0,0,0,0,0,0,0,0,0,0
14,Mouse_Abx_GOS_Day-4_cage5,mouse_Abx,5,GOS,-4,12.8,188,477,1.04,1.67,10/4/2022 10:32,0,0,0,0,0,0,0,0,0,0,0,0,0,0,0,0,0,0,0,0,0,0,0,0,0,0,0,0,0,0,0,0,0.23,0.47,0.68,0.78,0.74,0.6,0.43,0.29,0.22,0.2,0.23,0.27,0.3,0.33,0.35,0.36,0.37,0.39,0.4,0.42,0.44,0.46,0.49,0.53,0.58,0.65,0.72,0.8,0.89,0.97,1.05,1.14,1.25,1.39,1.56,1.78,2.03,2.29,2.56,2.81,3.03,3.22,3.4,3.61,3.9,4.31,4.82,5.38,5.89,6.21,6.19,5.72,4.81,3.57,2.21,1.02,0.26,0,0,0,0,0,0,0,0,0,0,0,0
15,Mouse_Abx_GOS_Day-4_cage5,mouse_Abx,5,GOS,-4,11.9,175,455,1.2,1.64,10/4/2022 10:32,0,0,0,0,0,0,0,0,0,0,0,0,0,0,0,0,0,0,0,0,0,0,0,0,0,0,0,0,0,0,0,0,0.24,0.48,0.7,0.8,0.77,0.62,0.45,0.3,0.22,0.21,0.24,0.28,0.31,0.33,0.35,0.36,0.38,0.39,0.41,0.43,0.45,0.48,0.51,0.55,0.61,0.68,0.76,0.84,0.92,1.01,1.09,1.18,1.3,1.45,1.64,1.87,2.15,2.44,2.74,3,3.22,3.4,3.55,3.73,3.99,4.37,4.85,5.39,5.86,6.12,6.01,5.45,4.44,3.13,1.77,0.68,0.09,0,0,0,0,0,0,0,0,0,0,0,0
16,Mouse_Abx_GOS_Day-4_cage3,mouse_Abx,3,GOS,-4,9.2,157,412,1.22,2.06,10/4/2022 10:35,0,0,0,0,0,0,0,0,0,0,0,0,0,0,0,0,0,0,0,0,0,0,0,0,0,0,0,0,0,0,0,0,0.2,0.44,0.66,0.78,0.77,0.65,0.49,0.36,0.3,0.29,0.32,0.36,0.4,0.42,0.43,0.44,0.46,0.47,0.48,0.5,0.52,0.54,0.56,0.6,0.66,0.73,0.81,0.89,0.98,1.08,1.18,1.29,1.42,1.57,1.77,2,2.27,2.55,2.84,3.1,3.34,3.55,3.76,4.02,4.35,4.78,5.26,5.71,6.01,5.99,5.54,4.65,3.4,2.03,0.86,0.17,0,0,0,0,0,0,0,0,0,0,0,0,0
17,Mouse_Abx_GOS_Day-4_cage3,mouse_Abx,3,GOS,-4,10,153,402,1.31,2.04,10/4/2022 10:35,0,0,0,0,0,0,0,0,0,0,0,0,0,0,0,0,0,0,0,0,0,0,0,0,0,0,0,0,0,0,0,0,0.19,0.42,0.64,0.76,0.75,0.63,0.47,0.35,0.28,0.28,0.31,0.34,0.38,0.4,0.42,0.43,0.44,0.45,0.47,0.49,0.51,0.53,0.56,0.6,0.66,0.73,0.81,0.9,1,1.09,1.2,1.31,1.45,1.63,1.84,2.1,2.38,2.68,2.97,3.22,3.44,3.63,3.82,4.06,4.39,4.82,5.31,5.77,6.04,5.96,5.45,4.48,3.18,1.81,0.69,0.08,0,0,0,0,0,0,0,0,0,0,0,0,0
18,Mouse_Abx_GOS_Day-4_cage3,mouse_Abx,3,GOS,-4,11,160,437,1.19,2.02,10/4/2022 10:36,0,0,0,0,0,0,0,0,0,0,0,0,0,0,0,0,0,0,0,0,0,0,0,0,0,0,0,0,0,0,0,0,0.18,0.41,0.62,0.73,0.72,0.61,0.46,0.33,0.26,0.26,0.28,0.32,0.36,0.38,0.4,0.41,0.42,0.44,0.45,0.47,0.49,0.51,0.54,0.58,0.64,0.71,0.79,0.89,0.98,1.08,1.18,1.28,1.41,1.56,1.76,1.99,2.27,2.57,2.88,3.17,3.42,3.63,3.8,3.97,4.19,4.49,4.88,5.3,5.65,5.8,5.6,4.98,3.96,2.68,1.41,0.44,0,0,0,0,0,0,0,0,0,0,0,0,0
19,Mouse_Abx_GOS_Day-4_cage3,mouse_Abx,3,GOS,-4,10.8,155,418,1.49,1.99,10/4/2022 10:36,0,0,0,0,0,0,0,0,0,0,0,0,0,0,0,0,0,0,0,0,0,0,0,0,0,0,0,0,0,0,0,0,0.19,0.42,0.63,0.74,0.73,0.61,0.45,0.33,0.26,0.25,0.28,0.32,0.36,0.38,0.4,0.41,0.43,0.44,0.46,0.47,0.5,0.52,0.56,0.6,0.66,0.74,0.82,0.91,1,1.1,1.2,1.31,1.45,1.62,1.84,2.09,2.39,2.7,3,3.26,3.47,3.64,3.78,3.95,4.2,4.56,5.01,5.48,5.84,5.91,5.58,4.78,3.58,2.2,0.97,0.2,0,0,0,0,0,0,0,0,0,0,0,0,0
20,Mouse_Abx_GOS_Day-4_cage3,mouse_Abx,3,GOS,-4,11.2,155,399,1.67,1.99,10/4/2022 10:37,0,0,0,0,0,0,0,0,0,0,0,0,0,0,0,0,0,0,0,0,0,0,0,0,0,0,0,0,0,0,0,0,0.18,0.41,0.62,0.74,0.72,0.61,0.45,0.32,0.25,0.25,0.27,0.31,0.35,0.38,0.39,0.41,0.42,0.43,0.45,0.47,0.49,0.51,0.55,0.6,0.66,0.73,0.82,0.91,1,1.09,1.2,1.31,1.46,1.64,1.86,2.12,2.42,2.72,3,3.25,3.45,3.61,3.78,4.02,4.36,4.82,5.37,5.89,6.21,6.16,5.62,4.56,3.15,1.69,0.54,0,0,0,0,0,0,0,0,0,0,0,0,0,0
21,Mouse_Abx_GOS_Day-2_cage5,mouse_Abx,5,GOS,-2,47.6,267,540,2.37,1.44,10/4/2022 10:38,0,0,0,0,0,0,0,0,0,0,0,0,0,0,0,0,0,0,0,0,0,0,0,0,0,0,0,0,0,0,0,0,0,0.1,0.16,0.2,0.19,0.16,0.12,0.09,0.07,0.08,0.09,0.1,0.1,0.11,0.11,0.11,0.12,0.13,0.14,0.15,0.17,0.19,0.22,0.25,0.3,0.35,0.42,0.49,0.57,0.66,0.75,0.84,0.96,1.1,1.27,1.49,1.75,2.04,2.32,2.59,2.8,2.96,3.1,3.26,3.53,3.98,4.66,5.56,6.55,7.44,7.98,7.95,7.18,5.72,3.82,1.93,0.55,0,0,0,0,0,0,0,0,0,0,0,0
22,Mouse_Abx_GOS_Day-2_cage5,mouse_Abx,5,GOS,-2,44.3,236,477,2.66,1.54,10/4/2022 10:39,0,0,0,0,0,0,0,0,0,0,0,0,0,0,0,0,0,0,0,0,0,0,0,0,0,0,0,0,0,0,0,0,0,0.1,0.17,0.21,0.21,0.18,0.13,0.1,0.08,0.09,0.1,0.11,0.11,0.12,0.12,0.12,0.12,0.13,0.14,0.16,0.18,0.21,0.24,0.27,0.32,0.38,0.44,0.52,0.6,0.69,0.79,0.9,1.04,1.2,1.41,1.66,1.94,2.24,2.53,2.8,3.02,3.21,3.42,3.7,4.13,4.75,5.58,6.52,7.38,7.94,7.95,7.24,5.82,3.91,1.99,0.57,0,0,0,0,0,0,0,0,0,0,0,0,0
23,Mouse_Abx_GOS_Day-2_cage5,mouse_Abx,5,GOS,-2,40.6,214,433,3.25,1.54,10/4/2022 10:39,0,0,0,0,0,0,0,0,0,0,0,0,0,0,0,0,0,0,0,0,0,0,0,0,0,0,0,0,0,0,0,0,0,0.11,0.18,0.23,0.23,0.19,0.14,0.1,0.09,0.09,0.11,0.12,0.12,0.13,0.13,0.13,0.13,0.14,0.16,0.17,0.2,0.22,0.25,0.29,0.34,0.4,0.48,0.56,0.65,0.76,0.87,1,1.16,1.35,1.59,1.86,2.16,2.47,2.76,3.02,3.25,3.45,3.7,4.05,4.57,5.3,6.19,7.1,7.8,8.02,7.54,6.3,4.45,2.42,0.78,0,0,0,0,0,0,0,0,0,0,0,0,0,0
24,Mouse_Abx_GOS_Day-2_cage5,mouse_Abx,5,GOS,-2,38.5,198,393,3.84,1.54,10/4/2022 10:40,0,0,0,0,0,0,0,0,0,0,0,0,0,0,0,0,0,0,0,0,0,0,0,0,0,0,0,0,0,0,0,0,0,0.11,0.19,0.24,0.24,0.2,0.15,0.11,0.1,0.1,0.12,0.13,0.13,0.13,0.13,0.13,0.14,0.15,0.16,0.18,0.21,0.23,0.27,0.31,0.36,0.42,0.49,0.58,0.67,0.78,0.91,1.06,1.25,1.47,1.73,2.02,2.32,2.62,2.9,3.14,3.36,3.6,3.93,4.42,5.12,6.01,6.98,7.82,8.23,7.97,6.89,5.09,2.94,1.06,0,0,0,0,0,0,0,0,0,0,0,0,0,0,0
25,Mouse_Abx_GOS_Day-2_cage5,mouse_Abx,5,GOS,-2,36.8,187,384,3.31,1.52,10/4/2022 10:40,0,0,0,0,0,0,0,0,0,0,0,0,0,0,0,0,0,0,0,0,0,0,0,0,0,0,0,0,0,0,0,0,0,0.12,0.2,0.25,0.25,0.21,0.16,0.12,0.1,0.11,0.12,0.13,0.14,0.14,0.14,0.14,0.14,0.15,0.17,0.19,0.22,0.24,0.28,0.32,0.37,0.44,0.51,0.6,0.7,0.82,0.95,1.11,1.3,1.53,1.8,2.11,2.43,2.75,3.05,3.33,3.59,3.87,4.23,4.72,5.38,6.17,6.99,7.63,7.84,7.42,6.28,4.54,2.57,0.89,0,0,0,0,0,0,0,0,0,0,0,0,0,0,0
26,Mouse_Abx_IMI_Day-1_cage4,mouse_Abx,4,IMI,-1,56.5,283,660,1.41,1.79,10/4/2022 10:42,0,0,0,0,0,0,0,0,0,0,0,0,0,0,0,0,0,0,0,0,0,0,0,0,0,0,0,0,0,0,0,0,0,0,0,0,0,0,0,0,0,0,0.07,0.09,0.09,0.1,0.1,0.1,0.1,0.11,0.12,0.13,0.15,0.17,0.2,0.23,0.27,0.32,0.39,0.46,0.54,0.62,0.71,0.81,0.92,1.05,1.21,1.42,1.67,1.96,2.27,2.59,2.89,3.14,3.36,3.54,3.72,3.94,4.25,4.65,5.15,5.7,6.2,6.53,6.59,6.25,5.49,4.34,2.98,1.64,0.61,0.07,0,0,0,0,0,0,0,0,0
27,Mouse_Abx_IMI_Day-1_cage4,mouse_Abx,4,IMI,-1,59.9,298,680,1.45,1.96,10/4/2022 10:42,0,0,0,0,0,0,0,0,0,0,0,0,0,0,0,0,0,0,0,0,0,0,0,0,0,0,0,0,0,0,0,0,0,0,0,0,0,0,0,0,0,0,0.07,0.08,0.09,0.09,0.09,0.09,0.09,0.1,0.11,0.12,0.13,0.15,0.18,0.21,0.24,0.29,0.35,0.42,0.5,0.58,0.67,0.77,0.87,1,1.15,1.35,1.6,1.89,2.21,2.54,2.85,3.11,3.32,3.47,3.6,3.76,4,4.38,4.9,5.51,6.14,6.65,6.87,6.66,5.95,4.78,3.32,1.87,0.72,0.11,0,0,0,0,0,0,0,0,0
28,Mouse_Abx_IMI_Day-1_cage4,mouse_Abx,4,IMI,-1,54.6,269,591,1.6,1.95,10/4/2022 10:43,0,0,0,0,0,0,0,0,0,0,0,0,0,0,0,0,0,0,0,0,0,0,0,0,0,0,0,0,0,0,0,0,0,0,0,0,0,0,0,0,0,0.07,0.08,0.09,0.1,0.1,0.1,0.1,0.1,0.11,0.12,0.13,0.14,0.16,0.19,0.22,0.27,0.32,0.39,0.47,0.55,0.65,0.74,0.84,0.96,1.1,1.28,1.51,1.79,2.11,2.46,2.8,3.09,3.32,3.49,3.61,3.75,3.96,4.33,4.86,5.54,6.27,6.9,7.21,7.02,6.24,4.92,3.27,1.66,0.5,0,0,0,0,0,0,0,0,0,0,0
29,Mouse_Abx_IMI_Day-1_cage4,mouse_Abx,4,IMI,-1,47.1,240,526,1.74,1.91,10/4/2022 10:43,0,0,0,0,0,0,0,0,0,0,0,0,0,0,0,0,0,0,0,0,0,0,0,0,0,0,0,0,0,0,0,0,0,0.08,0.13,0.16,0.15,0.12,0.09,0.06,0.06,0.07,0.09,0.1,0.11,0.11,0.11,0.11,0.11,0.12,0.13,0.14,0.16,0.18,0.21,0.24,0.29,0.35,0.42,0.51,0.6,0.69,0.79,0.91,1.05,1.22,1.43,1.69,2,2.35,2.7,3.02,3.29,3.49,3.64,3.77,3.94,4.25,4.73,5.39,6.14,6.83,7.24,7.17,6.46,5.14,3.43,1.73,0.5,0,0,0,0,0,0,0,0,0,0,0,0
30,Mouse_Abx_IMI_Day-1_cage4,mouse_Abx,4,IMI,-1,51,250,555,1.82,1.9,10/4/2022 10:44,0,0,0,0,0,0,0,0,0,0,0,0,0,0,0,0,0,0,0,0,0,0,0,0,0,0,0,0,0,0,0,0,0,0,0,0,0,0,0,0,0,0.07,0.09,0.1,0.11,0.11,0.11,0.11,0.11,0.12,0.13,0.14,0.15,0.18,0.2,0.24,0.29,0.35,0.42,0.5,0.6,0.69,0.8,0.91,1.04,1.21,1.41,1.67,1.98,2.34,2.71,3.06,3.35,3.55,3.67,3.73,3.81,4,4.37,4.95,5.69,6.47,7.07,7.26,6.84,5.77,4.16,2.39,0.9,0.09,0,0,0,0,0,0,0,0,0,0,0
31,Mouse_Abx_GOS_Day-1_cage3,mouse_Abx,3,GOS,-1,43.1,264,596,1.41,2.42,10/4/2022 10:46,0,0,0,0,0,0,0,0,0,0,0,0,0,0,0,0,0,0,0,0,0,0,0,0,0,0,0,0,0,0,0,0,0,0.08,0.13,0.17,0.17,0.14,0.11,0.09,0.08,0.09,0.11,0.12,0.13,0.14,0.15,0.15,0.16,0.17,0.19,0.21,0.23,0.25,0.28,0.31,0.36,0.41,0.47,0.54,0.61,0.69,0.78,0.88,0.99,1.12,1.29,1.49,1.75,2.03,2.34,2.64,2.91,3.13,3.3,3.44,3.6,3.84,4.2,4.73,5.38,6.08,6.68,6.99,6.85,6.15,4.93,3.36,1.79,0.58,0,0,0,0,0,0,0,0,0,0,0
32,Mouse_Abx_GOS_Day-1_cage3,mouse_Abx,3,GOS,-1,40.4,240,563,1.35,2.53,10/4/2022 10:46,0,0,0,0,0,0,0,0,0,0,0,0,0,0,0,0,0,0,0,0,0,0,0,0,0,0,0,0,0,0,0,0,0,0.07,0.13,0.17,0.17,0.15,0.12,0.1,0.09,0.1,0.11,0.13,0.14,0.14,0.15,0.16,0.17,0.18,0.2,0.22,0.24,0.26,0.29,0.33,0.37,0.43,0.49,0.57,0.65,0.75,0.84,0.95,1.08,1.22,1.4,1.62,1.89,2.18,2.5,2.82,3.11,3.36,3.56,3.73,3.93,4.19,4.56,5.04,5.61,6.17,6.57,6.65,6.28,5.41,4.11,2.61,1.24,0.32,0,0,0,0,0,0,0,0,0,0,0
33,Mouse_Abx_GOS_Day-1_cage3,mouse_Abx,3,GOS,-1,41.9,262,613,1.27,2.58,10/4/2022 10:47,0,0,0,0,0,0,0,0,0,0,0,0,0,0,0,0,0,0,0,0,0,0,0,0,0,0,0,0,0,0,0,0,0,0.07,0.12,0.16,0.16,0.14,0.12,0.09,0.09,0.09,0.11,0.12,0.13,0.14,0.14,0.15,0.16,0.17,0.19,0.21,0.23,0.25,0.28,0.32,0.36,0.42,0.48,0.55,0.64,0.72,0.82,0.93,1.05,1.19,1.37,1.58,1.84,2.12,2.42,2.71,2.96,3.16,3.3,3.41,3.52,3.7,4.01,4.47,5.07,5.75,6.36,6.74,6.72,6.17,5.1,3.64,2.1,0.83,0.13,0,0,0,0,0,0,0,0,0,0
34,Mouse_Abx_GOS_Day-1_cage3,mouse_Abx,3,GOS,-1,39.5,240,558,1.35,2.57,10/4/2022 10:47,0,0,0,0,0,0,0,0,0,0,0,0,0,0,0,0,0,0,0,0,0,0,0,0,0,0,0,0,0,0,0,0,0,0.08,0.13,0.17,0.17,0.15,0.12,0.1,0.09,0.1,0.11,0.13,0.14,0.14,0.15,0.16,0.17,0.18,0.2,0.22,0.24,0.27,0.3,0.34,0.39,0.44,0.51,0.59,0.67,0.76,0.86,0.98,1.11,1.28,1.48,1.73,2.02,2.33,2.65,2.94,3.17,3.34,3.45,3.54,3.67,3.92,4.33,4.9,5.58,6.24,6.71,6.81,6.4,5.45,4.06,2.49,1.11,0.25,0,0,0,0,0,0,0,0,0,0,0
35,Mouse_Abx_GOS_Day-1_cage3,mouse_Abx,3,GOS,-1,36.2,214,497,1.64,2.52,10/4/2022 10:48,0,0,0,0,0,0,0,0,0,0,0,0,0,0,0,0,0,0,0,0,0,0,0,0,0,0,0,0,0,0,0,0,0,0.08,0.14,0.18,0.19,0.16,0.13,0.1,0.1,0.1,0.12,0.13,0.15,0.15,0.16,0.17,0.18,0.19,0.21,0.23,0.26,0.29,0.32,0.37,0.42,0.48,0.56,0.64,0.73,0.83,0.94,1.06,1.21,1.4,1.62,1.89,2.21,2.54,2.88,3.18,3.42,3.59,3.7,3.81,3.98,4.3,4.79,5.43,6.11,6.66,6.87,6.57,5.68,4.29,2.66,1.18,0.25,0,0,0,0,0,0,0,0,0,0,0,0
36,Mouse_Abx_GOS_Day-1_cage4,mouse_Abx,4,GOS,-1,108,501,1040,1.49,2.48,10/4/2022 10:52,0,0,0,0,0,0,0,0,0,0,0,0,0,0,0,0,0,0,0,0,0,0,0,0,0,0,0,0,0,0,0,0,0,0,0,0,0,0,0,0,0,0,0,0,0,0,0,0,0,0,0.06,0.07,0.07,0.08,0.09,0.1,0.12,0.14,0.17,0.2,0.24,0.28,0.33,0.38,0.44,0.51,0.59,0.69,0.82,0.97,1.14,1.33,1.53,1.73,1.92,2.11,2.29,2.5,2.76,3.1,3.55,4.14,4.87,5.67,6.48,7.16,7.58,7.61,7.18,6.3,5.07,3.67,2.3,1.17,0.41,0.06,0,0,0,0,0
37,Mouse_Abx_GOS_Day-1_cage4,mouse_Abx,4,GOS,-1,85.3,375,767,1.19,2.84,10/4/2022 10:53,0,0,0,0,0,0,0,0,0,0,0,0,0,0,0,0,0,0,0,0,0,0,0,0,0,0,0,0,0,0,0,0,0,0,0,0,0,0,0,0,0,0,0,0,0.06,0.07,0.07,0.07,0.07,0.07,0.07,0.08,0.09,0.1,0.11,0.12,0.15,0.17,0.21,0.25,0.3,0.35,0.41,0.48,0.55,0.65,0.77,0.92,1.1,1.32,1.56,1.82,2.07,2.31,2.54,2.76,3,3.31,3.72,4.26,4.96,5.75,6.57,7.29,7.73,7.75,7.26,6.24,4.81,3.22,1.74,0.65,0.1,0,0,0,0,0,0,0,0
38,Mouse_Abx_GOS_Day-1_cage4,mouse_Abx,4,GOS,-1,73.6,315,641,1.34,2.85,10/4/2022 10:53,0,0,0,0,0,0,0,0,0,0,0,0,0,0,0,0,0,0,0,0,0,0,0,0,0,0,0,0,0,0,0,0,0,0,0,0,0,0,0,0,0,0,0,0.07,0.08,0.08,0.08,0.08,0.08,0.08,0.09,0.1,0.1,0.11,0.13,0.15,0.17,0.21,0.25,0.3,0.36,0.42,0.49,0.57,0.66,0.78,0.92,1.11,1.34,1.61,1.91,2.21,2.51,2.78,3.04,3.29,3.58,3.95,4.46,5.12,5.89,6.69,7.39,7.8,7.74,7.11,5.9,4.29,2.57,1.12,0.25,0,0,0,0,0,0,0,0,0,0
39,Mouse_Abx_GOS_Day-1_cage4,mouse_Abx,4,GOS,-1,65.5,271,543,1.35,2.82,10/4/2022 10:54,0,0,0,0,0,0,0,0,0,0,0,0,0,0,0,0,0,0,0,0,0,0,0,0,0,0,0,0,0,0,0,0,0,0,0,0,0,0,0,0,0,0,0.06,0.08,0.09,0.09,0.09,0.09,0.09,0.09,0.1,0.11,0.12,0.13,0.15,0.17,0.2,0.24,0.28,0.34,0.4,0.47,0.55,0.65,0.77,0.91,1.1,1.32,1.58,1.86,2.16,2.46,2.75,3.04,3.35,3.71,4.16,4.75,5.47,6.28,7.08,7.71,7.99,7.77,6.95,5.58,3.84,2.1,0.74,0,0,0,0,0,0,0,0,0,0,0,0
40,Mouse_Abx_GOS_Day-1_cage4,mouse_Abx,4,GOS,-1,61.3,250,510,1.41,2.77,10/4/2022 10:54,0,0,0,0,0,0,0,0,0,0,0,0,0,0,0,0,0,0,0,0,0,0,0,0,0,0,0,0,0,0,0,0,0,0,0,0,0,0,0,0,0,0,0.07,0.09,0.1,0.1,0.1,0.1,0.1,0.1,0.11,0.12,0.13,0.14,0.16,0.18,0.22,0.26,0.31,0.37,0.43,0.51,0.6,0.71,0.84,1,1.19,1.43,1.7,2.01,2.34,2.67,3,3.34,3.69,4.1,4.58,5.18,5.87,6.59,7.24,7.66,7.7,7.21,6.17,4.68,2.98,1.43,0.39,0,0,0,0,0,0,0,0,0,0,0,0
41,Mouse_Abx_GOS_Day-2_cage4,mouse_Abx,4,GOS,-2,34.8,170,340,2.89,0.57,10/4/2022 10:57,0,0,0,0,0,0,0,0,0,0,0,0,0,0,0,0,0,0,0,0,0,0,0,0,0,0,0,0,0,0,0,0,0,0.07,0.12,0.15,0.15,0.13,0.1,0.08,0.08,0.1,0.11,0.11,0.11,0.1,0.11,0.12,0.14,0.16,0.19,0.22,0.25,0.29,0.33,0.38,0.45,0.52,0.61,0.72,0.83,0.97,1.13,1.32,1.55,1.81,2.1,2.41,2.7,2.97,3.21,3.44,3.72,4.1,4.64,5.37,6.25,7.15,7.86,8.11,7.68,6.5,4.69,2.66,0.93,0,0,0,0,0,0,0,0,0,0,0,0,0,0,0,0
42,Mouse_Abx_GOS_Day-2_cage4,mouse_Abx,4,GOS,-2,36.2,178,362,2.62,0.6,10/4/2022 10:58,0,0,0,0,0,0,0,0,0,0,0,0,0,0,0,0,0,0,0,0,0,0,0,0,0,0,0,0,0,0,0,0,0,0,0.11,0.14,0.15,0.13,0.11,0.09,0.09,0.1,0.1,0.11,0.1,0.1,0.1,0.11,0.13,0.16,0.18,0.21,0.23,0.27,0.31,0.36,0.43,0.51,0.6,0.7,0.81,0.94,1.08,1.26,1.48,1.74,2.04,2.36,2.67,2.94,3.18,3.39,3.6,3.88,4.29,4.9,5.69,6.6,7.42,7.93,7.86,7.05,5.53,3.59,1.7,0.42,0,0,0,0,0,0,0,0,0,0,0,0,0,0,0
43,Mouse_Abx_GOS_Day-2_cage4,mouse_Abx,4,GOS,-2,36.2,179,354,2.49,0.62,10/4/2022 10:58,0,0,0,0,0,0,0,0,0,0,0,0,0,0,0,0,0,0,0,0,0,0,0,0,0,0,0,0,0,0,0,0,0,0.06,0.11,0.15,0.15,0.13,0.11,0.09,0.09,0.1,0.11,0.11,0.11,0.1,0.1,0.11,0.13,0.15,0.18,0.21,0.24,0.27,0.31,0.36,0.42,0.5,0.58,0.68,0.79,0.92,1.08,1.26,1.48,1.74,2.03,2.33,2.61,2.86,3.07,3.26,3.48,3.8,4.3,5.01,5.92,6.92,7.79,8.26,8.06,7.06,5.35,3.28,1.4,0.25,0,0,0,0,0,0,0,0,0,0,0,0,0,0,0
44,Mouse_Abx_GOS_Day-2_cage4,mouse_Abx,4,GOS,-2,32.6,157,309,3.35,0.6,10/4/2022 10:59,0,0,0,0,0,0,0,0,0,0,0,0,0,0,0,0,0,0,0,0,0,0,0,0,0,0,0,0,0,0,0,0,0,0.07,0.13,0.17,0.17,0.14,0.12,0.1,0.1,0.12,0.13,0.13,0.12,0.11,0.11,0.12,0.14,0.16,0.19,0.23,0.26,0.3,0.34,0.39,0.46,0.54,0.64,0.75,0.89,1.06,1.25,1.48,1.74,2.02,2.31,2.59,2.84,3.07,3.29,3.55,3.91,4.44,5.17,6.08,7.05,7.87,8.28,8.03,6.99,5.25,3.16,1.28,0.17,0,0,0,0,0,0,0,0,0,0,0,0,0,0,0,0
45,Mouse_Abx_GOS_Day-2_cage4,mouse_Abx,4,GOS,-2,32.8,158,313,3.54,0.6,10/4/2022 10:59,0,0,0,0,0,0,0,0,0,0,0,0,0,0,0,0,0,0,0,0,0,0,0,0,0,0,0,0,0,0,0,0,0,0.07,0.12,0.16,0.17,0.15,0.12,0.11,0.11,0.12,0.13,0.13,0.12,0.11,0.1,0.11,0.14,0.16,0.19,0.23,0.26,0.29,0.33,0.39,0.45,0.53,0.63,0.75,0.89,1.05,1.23,1.45,1.7,1.97,2.26,2.56,2.84,3.09,3.34,3.6,3.94,4.42,5.08,5.93,6.86,7.71,8.2,8.06,7.14,5.46,3.36,1.42,0.22,0,0,0,0,0,0,0,0,0,0,0,0,0,0,0,0
46,Mouse_Abx_GOS_Day-4_cage4,mouse_Abx,4,GOS,-4,51.9,357,792,1.38,1.65,10/4/2022 11:01,0,0,0,0,0,0,0,0,0,0,0,0,0,0,0,0,0,0,0,0,0,0,0,0,0,0,0,0,0,0,0,0,0.06,0.14,0.22,0.26,0.25,0.21,0.16,0.12,0.1,0.11,0.12,0.13,0.13,0.14,0.14,0.15,0.16,0.16,0.18,0.19,0.2,0.22,0.23,0.26,0.29,0.33,0.38,0.43,0.48,0.53,0.58,0.63,0.69,0.77,0.88,1.02,1.2,1.42,1.66,1.92,2.17,2.39,2.58,2.75,2.91,3.1,3.37,3.75,4.26,4.89,5.6,6.28,6.82,7.07,6.88,6.2,5.05,3.59,2.1,0.88,0.18,0,0,0,0,0,0,0,0
47,Mouse_Abx_GOS_Day-4_cage4,mouse_Abx,4,GOS,-4,61,395,952,1.52,1.81,10/4/2022 11:01,0,0,0,0,0,0,0,0,0,0,0,0,0,0,0,0,0,0,0,0,0,0,0,0,0,0,0,0,0,0,0,0,0,0.11,0.18,0.21,0.21,0.18,0.13,0.1,0.08,0.09,0.1,0.1,0.11,0.12,0.12,0.13,0.13,0.14,0.15,0.16,0.17,0.19,0.2,0.23,0.26,0.29,0.33,0.38,0.42,0.47,0.52,0.57,0.63,0.71,0.81,0.94,1.1,1.29,1.5,1.73,1.96,2.19,2.41,2.62,2.83,3.06,3.31,3.61,3.96,4.36,4.82,5.3,5.76,6.13,6.32,6.24,5.82,5.03,3.95,2.71,1.54,0.64,0.14,0,0,0,0,0,0
48,Mouse_Abx_GOS_Day-4_cage4,mouse_Abx,4,GOS,-4,62.3,395,966,1.35,1.89,10/4/2022 11:02,0,0,0,0,0,0,0,0,0,0,0,0,0,0,0,0,0,0,0,0,0,0,0,0,0,0,0,0,0,0,0,0,0,0.11,0.17,0.2,0.2,0.17,0.13,0.1,0.08,0.08,0.09,0.1,0.11,0.11,0.12,0.12,0.13,0.14,0.14,0.15,0.17,0.18,0.2,0.22,0.25,0.28,0.32,0.37,0.42,0.46,0.52,0.57,0.63,0.71,0.81,0.94,1.11,1.31,1.53,1.77,2.02,2.26,2.49,2.69,2.89,3.09,3.32,3.58,3.9,4.26,4.68,5.13,5.59,5.97,6.2,6.18,5.82,5.1,4.07,2.86,1.69,0.76,0.2,0,0,0,0,0,0
49,Mouse_Abx_GOS_Day-4_cage4,mouse_Abx,4,GOS,-4,64.1,414,1190,1.76,1.9,10/4/2022 11:02,0,0,0,0,0,0,0,0,0,0,0,0,0,0,0,0,0,0,0,0,0,0,0,0,0,0,0,0,0,0,0,0,0,0.1,0.16,0.2,0.19,0.16,0.12,0.09,0.07,0.08,0.08,0.09,0.1,0.11,0.11,0.12,0.12,0.13,0.14,0.15,0.16,0.17,0.19,0.21,0.24,0.28,0.32,0.36,0.41,0.46,0.51,0.56,0.63,0.71,0.81,0.94,1.1,1.29,1.52,1.76,2,2.24,2.46,2.67,2.86,3.06,3.26,3.48,3.7,3.93,4.16,4.41,4.66,4.89,5.09,5.2,5.19,5,4.6,3.99,3.2,2.33,1.49,0.8,0.33,0.08,0,0,0
50,Mouse_Abx_GOS_Day-4_cage4,mouse_Abx,4,GOS,-4,58.5,356,933,1.07,1.93,10/4/2022 11:03,0,0,0,0,0,0,0,0,0,0,0,0,0,0,0,0,0,0,0,0,0,0,0,0,0,0,0,0,0,0,0,0,0,0.1,0.17,0.21,0.21,0.17,0.13,0.09,0.08,0.08,0.09,0.1,0.11,0.11,0.12,0.12,0.13,0.14,0.15,0.16,0.17,0.18,0.2,0.23,0.26,0.3,0.34,0.39,0.44,0.5,0.55,0.62,0.69,0.78,0.9,1.04,1.23,1.44,1.69,1.96,2.23,2.49,2.73,2.96,3.18,3.39,3.63,3.88,4.17,4.49,4.84,5.18,5.49,5.7,5.75,5.57,5.12,4.4,3.47,2.46,1.5,0.74,0.25,0,0,0,0,0,0
51,Mouse_Abx_GOS_Day-1_cage5,mouse_Abx,5,GOS,-1,69.1,333,755,0.96,3.01,10/4/2022 11:05,0,0,0,0,0,0,0,0,0,0,0,0,0,0,0,0,0,0,0,0,0,0,0,0,0,0,0,0,0,0,0,0,0,0,0,0,0,0,0,0,0,0,0.06,0.07,0.08,0.08,0.09,0.09,0.09,0.1,0.11,0.12,0.13,0.15,0.16,0.18,0.21,0.25,0.29,0.34,0.4,0.47,0.55,0.63,0.72,0.83,0.96,1.12,1.31,1.54,1.81,2.1,2.39,2.68,2.95,3.2,3.45,3.72,4.04,4.45,4.93,5.47,6.02,6.48,6.75,6.72,6.29,5.46,4.31,2.99,1.73,0.74,0.17,0,0,0,0,0,0,0,0
52,Mouse_Abx_GOS_Day-1_cage5,mouse_Abx,5,GOS,-1,66.3,294,674,1.13,3.25,10/4/2022 11:05,0,0,0,0,0,0,0,0,0,0,0,0,0,0,0,0,0,0,0,0,0,0,0,0,0,0,0,0,0,0,0,0,0,0,0,0,0,0,0,0,0,0,0.07,0.08,0.09,0.09,0.09,0.09,0.1,0.1,0.11,0.12,0.14,0.15,0.17,0.19,0.22,0.25,0.3,0.35,0.42,0.49,0.57,0.66,0.76,0.88,1.02,1.19,1.4,1.65,1.94,2.26,2.6,2.94,3.29,3.63,3.98,4.34,4.74,5.17,5.62,6.06,6.42,6.63,6.58,6.2,5.46,4.39,3.12,1.86,0.82,0.2,0,0,0,0,0,0,0,0,0
53,Mouse_Abx_GOS_Day-1_cage5,mouse_Abx,5,GOS,-1,66.8,290,644,1.08,3.42,10/4/2022 11:06,0,0,0,0,0,0,0,0,0,0,0,0,0,0,0,0,0,0,0,0,0,0,0,0,0,0,0,0,0,0,0,0,0,0,0,0,0,0,0,0,0,0,0.07,0.08,0.08,0.09,0.09,0.09,0.1,0.1,0.11,0.12,0.14,0.15,0.17,0.19,0.21,0.25,0.3,0.35,0.41,0.48,0.56,0.65,0.75,0.86,1.01,1.19,1.41,1.68,1.98,2.32,2.67,3.01,3.35,3.67,4.01,4.37,4.79,5.27,5.79,6.3,6.71,6.92,6.82,6.32,5.39,4.12,2.69,1.37,0.42,0,0,0,0,0,0,0,0,0,0
54,Mouse_Abx_GOS_Day-1_cage5,mouse_Abx,5,GOS,-1,62.4,262,573,1.1,3.44,10/4/2022 11:06,0,0,0,0,0,0,0,0,0,0,0,0,0,0,0,0,0,0,0,0,0,0,0,0,0,0,0,0,0,0,0,0,0,0,0,0,0,0,0,0,0,0.06,0.07,0.08,0.09,0.1,0.1,0.1,0.1,0.11,0.12,0.13,0.15,0.16,0.18,0.2,0.23,0.27,0.31,0.37,0.44,0.52,0.6,0.7,0.81,0.94,1.09,1.28,1.51,1.78,2.1,2.46,2.85,3.24,3.65,4.06,4.49,4.95,5.44,5.95,6.45,6.84,7.04,6.93,6.44,5.53,4.26,2.82,1.46,0.46,0,0,0,0,0,0,0,0,0,0,0
55,Mouse_Abx_GOS_Day-1_cage5,mouse_Abx,5,GOS,-1,56.9,255,545,1.09,3.44,10/4/2022 11:07,0,0,0,0,0,0,0,0,0,0,0,0,0,0,0,0,0,0,0,0,0,0,0,0,0,0,0,0,0,0,0,0,0,0.07,0.12,0.16,0.16,0.14,0.1,0.07,0.06,0.06,0.07,0.09,0.09,0.1,0.1,0.1,0.11,0.11,0.12,0.13,0.15,0.16,0.18,0.2,0.23,0.27,0.32,0.38,0.45,0.52,0.61,0.7,0.81,0.94,1.11,1.31,1.57,1.86,2.19,2.54,2.9,3.26,3.62,4,4.42,4.91,5.48,6.1,6.68,7.13,7.3,7.07,6.37,5.21,3.73,2.2,0.92,0.18,0,0,0,0,0,0,0,0,0,0,0
56,Mouse_Abx_IMI_Day-1_cage2,mouse_Abx,2,IMI,-1,38.6,204,399,2.77,0.79,10/4/2022 11:09,0,0,0,0,0,0,0,0,0,0,0,0,0,0,0,0,0,0,0,0,0,0,0,0,0,0,0,0,0,0,0,0,0,0.11,0.19,0.24,0.24,0.2,0.16,0.13,0.12,0.13,0.14,0.15,0.15,0.14,0.14,0.14,0.15,0.16,0.17,0.19,0.21,0.24,0.27,0.32,0.37,0.44,0.51,0.59,0.67,0.75,0.84,0.95,1.09,1.28,1.52,1.8,2.11,2.44,2.74,3.02,3.27,3.55,3.91,4.44,5.17,6.09,7.08,7.93,8.35,8.09,7.02,5.25,3.15,1.28,0.19,0,0,0,0,0,0,0,0,0,0,0,0,0,0
57,Mouse_Abx_IMI_Day-1_cage2,mouse_Abx,2,IMI,-1,35.5,189,371,3.07,0.81,10/4/2022 11:10,0,0,0,0,0,0,0,0,0,0,0,0,0,0,0,0,0,0,0,0,0,0,0,0,0,0,0,0,0,0,0,0,0,0.12,0.2,0.25,0.25,0.21,0.17,0.14,0.13,0.14,0.15,0.16,0.16,0.15,0.15,0.15,0.16,0.17,0.19,0.21,0.23,0.26,0.3,0.34,0.4,0.47,0.55,0.63,0.72,0.82,0.93,1.06,1.22,1.43,1.68,1.97,2.27,2.58,2.88,3.16,3.43,3.77,4.22,4.86,5.69,6.66,7.59,8.22,8.27,7.55,6.04,4.02,1.98,0.53,0,0,0,0,0,0,0,0,0,0,0,0,0,0,0
58,Mouse_Abx_IMI_Day-1_cage2,mouse_Abx,2,IMI,-1,37.1,197,384,2.67,0.84,10/4/2022 11:10,0,0,0,0,0,0,0,0,0,0,0,0,0,0,0,0,0,0,0,0,0,0,0,0,0,0,0,0,0,0,0,0,0,0.11,0.19,0.23,0.24,0.21,0.17,0.13,0.13,0.13,0.15,0.15,0.15,0.15,0.15,0.15,0.16,0.17,0.18,0.2,0.23,0.25,0.29,0.33,0.38,0.44,0.52,0.59,0.68,0.78,0.89,1.02,1.19,1.4,1.64,1.91,2.19,2.46,2.72,2.96,3.21,3.54,4,4.65,5.52,6.52,7.51,8.24,8.43,7.88,6.54,4.61,2.52,0.83,0,0,0,0,0,0,0,0,0,0,0,0,0,0,0
59,Mouse_Abx_IMI_Day-1_cage2,mouse_Abx,2,IMI,-1,33.6,179,355,2.99,0.81,10/4/2022 11:11,0,0,0,0,0,0,0,0,0,0,0,0,0,0,0,0,0,0,0,0,0,0,0,0,0,0,0,0,0,0,0,0,0,0.12,0.21,0.26,0.27,0.23,0.18,0.15,0.14,0.14,0.16,0.16,0.16,0.16,0.16,0.16,0.17,0.18,0.19,0.22,0.24,0.27,0.31,0.35,0.41,0.48,0.56,0.65,0.75,0.87,0.99,1.14,1.32,1.54,1.79,2.06,2.35,2.65,2.94,3.24,3.57,3.98,4.53,5.24,6.1,7,7.77,8.16,7.93,6.96,5.32,3.32,1.47,0.29,0,0,0,0,0,0,0,0,0,0,0,0,0,0,0
60,Mouse_Abx_IMI_Day-1_cage2,mouse_Abx,2,IMI,-1,34.1,185,373,2.78,0.82,10/4/2022 11:11,0,0,0,0,0,0,0,0,0,0,0,0,0,0,0,0,0,0,0,0,0,0,0,0,0,0,0,0,0,0,0,0,0,0.12,0.2,0.26,0.26,0.23,0.18,0.14,0.13,0.14,0.16,0.16,0.16,0.16,0.16,0.16,0.16,0.18,0.19,0.21,0.23,0.26,0.3,0.34,0.4,0.48,0.56,0.65,0.75,0.86,0.98,1.11,1.28,1.49,1.73,2.02,2.32,2.64,2.94,3.24,3.54,3.88,4.32,4.91,5.66,6.52,7.34,7.89,7.94,7.29,5.93,4.06,2.12,0.64,0,0,0,0,0,0,0,0,0,0,0,0,0,0,0
61,Mouse_Abx_IMI_Day-1_cage1,mouse_Abx,1,IMI,-1,47.7,287,653,1.27,2.49,10/4/2022 11:12,0,0,0,0,0,0,0,0,0,0,0,0,0,0,0,0,0,0,0,0,0,0,0,0,0,0,0,0,0,0,0,0,0,0,0.1,0.13,0.13,0.11,0.09,0.07,0.07,0.09,0.1,0.11,0.12,0.12,0.12,0.13,0.13,0.14,0.16,0.17,0.19,0.21,0.24,0.27,0.31,0.37,0.43,0.5,0.58,0.67,0.76,0.86,0.97,1.1,1.26,1.46,1.69,1.96,2.25,2.55,2.81,3.02,3.17,3.28,3.38,3.53,3.8,4.23,4.83,5.55,6.26,6.81,7,6.69,5.81,4.45,2.86,1.39,0.39,0,0,0,0,0,0,0,0,0,0
62,Mouse_Abx_IMI_Day-1_cage1,mouse_Abx,1,IMI,-1,39.9,238,562,1.46,2.5,10/4/2022 11:13,0,0,0,0,0,0,0,0,0,0,0,0,0,0,0,0,0,0,0,0,0,0,0,0,0,0,0,0,0,0,0,0,0,0.07,0.12,0.15,0.15,0.13,0.1,0.09,0.09,0.1,0.12,0.13,0.14,0.14,0.14,0.15,0.15,0.17,0.18,0.2,0.22,0.25,0.28,0.32,0.37,0.43,0.51,0.59,0.69,0.79,0.9,1.02,1.16,1.32,1.52,1.75,2.02,2.32,2.62,2.91,3.15,3.35,3.49,3.62,3.77,4.01,4.38,4.9,5.5,6.1,6.54,6.66,6.31,5.44,4.13,2.6,1.22,0.3,0,0,0,0,0,0,0,0,0,0,0
63,Mouse_Abx_IMI_Day-1_cage1,mouse_Abx,1,IMI,-1,39.2,245,578,1.53,2.51,10/4/2022 11:13,0,0,0,0,0,0,0,0,0,0,0,0,0,0,0,0,0,0,0,0,0,0,0,0,0,0,0,0,0,0,0,0,0,0.07,0.12,0.15,0.15,0.13,0.11,0.09,0.09,0.11,0.12,0.14,0.14,0.15,0.15,0.15,0.16,0.17,0.18,0.2,0.23,0.25,0.28,0.32,0.37,0.44,0.51,0.6,0.7,0.8,0.92,1.04,1.18,1.33,1.53,1.75,2.02,2.31,2.62,2.9,3.13,3.3,3.4,3.46,3.54,3.71,4.03,4.53,5.19,5.9,6.5,6.8,6.62,5.85,4.55,2.96,1.44,0.39,0,0,0,0,0,0,0,0,0,0,0
64,Mouse_Abx_IMI_Day-1_cage1,mouse_Abx,1,IMI,-1,40.1,252,587,1.53,2.53,10/4/2022 11:14,0,0,0,0,0,0,0,0,0,0,0,0,0,0,0,0,0,0,0,0,0,0,0,0,0,0,0,0,0,0,0,0,0,0.07,0.12,0.15,0.15,0.13,0.11,0.09,0.09,0.11,0.12,0.14,0.14,0.15,0.15,0.15,0.16,0.17,0.18,0.2,0.22,0.25,0.28,0.32,0.36,0.42,0.5,0.58,0.68,0.78,0.89,1.01,1.14,1.3,1.49,1.72,1.99,2.28,2.58,2.86,3.09,3.25,3.34,3.38,3.44,3.6,3.91,4.42,5.1,5.86,6.53,6.91,6.8,6.08,4.81,3.19,1.6,0.46,0,0,0,0,0,0,0,0,0,0,0
65,Mouse_Abx_IMI_Day-1_cage1,mouse_Abx,1,IMI,-1,38.8,246,576,1.52,2.49,10/4/2022 11:14,0,0,0,0,0,0,0,0,0,0,0,0,0,0,0,0,0,0,0,0,0,0,0,0,0,0,0,0,0,0,0,0,0,0.07,0.12,0.15,0.16,0.14,0.11,0.1,0.1,0.11,0.13,0.14,0.15,0.15,0.15,0.15,0.16,0.17,0.19,0.21,0.23,0.26,0.29,0.33,0.38,0.44,0.52,0.6,0.7,0.81,0.92,1.04,1.17,1.33,1.51,1.74,2.01,2.31,2.62,2.9,3.14,3.3,3.39,3.43,3.5,3.66,3.98,4.5,5.19,5.94,6.58,6.89,6.69,5.88,4.54,2.91,1.39,0.37,0,0,0,0,0,0,0,0,0,0,0
66,Mouse_Abx_IMI_Day-1_cage5,mouse_Abx,5,IMI,-1,47.6,300,656,1.23,2.01,10/4/2022 11:16,0,0,0,0,0,0,0,0,0,0,0,0,0,0,0,0,0,0,0,0,0,0,0,0,0,0,0,0,0,0,0,0,0,0.06,0.11,0.14,0.14,0.12,0.09,0.07,0.07,0.08,0.09,0.11,0.11,0.12,0.13,0.13,0.14,0.16,0.17,0.19,0.22,0.24,0.27,0.31,0.35,0.4,0.46,0.52,0.58,0.65,0.72,0.79,0.88,0.98,1.12,1.3,1.52,1.78,2.06,2.35,2.61,2.82,2.98,3.12,3.26,3.48,3.83,4.35,5.03,5.8,6.54,7.09,7.25,6.88,5.94,4.53,2.91,1.43,0.41,0,0,0,0,0,0,0,0,0,0
67,Mouse_Abx_IMI_Day-1_cage5,mouse_Abx,5,IMI,-1,43.2,272,587,1.64,2.05,10/4/2022 11:16,0,0,0,0,0,0,0,0,0,0,0,0,0,0,0,0,0,0,0,0,0,0,0,0,0,0,0,0,0,0,0,0,0,0.07,0.12,0.15,0.15,0.13,0.1,0.08,0.07,0.08,0.1,0.11,0.12,0.13,0.13,0.14,0.15,0.17,0.18,0.21,0.23,0.26,0.29,0.33,0.38,0.44,0.5,0.57,0.64,0.71,0.79,0.87,0.96,1.08,1.24,1.44,1.69,1.98,2.29,2.58,2.84,3.03,3.17,3.29,3.44,3.71,4.14,4.78,5.56,6.38,7.06,7.39,7.17,6.32,4.91,3.18,1.54,0.42,0,0,0,0,0,0,0,0,0,0,0
68,Mouse_Abx_IMI_Day-1_cage5,mouse_Abx,5,IMI,-1,46.2,290,654,1.42,2.1,10/4/2022 11:17,0,0,0,0,0,0,0,0,0,0,0,0,0,0,0,0,0,0,0,0,0,0,0,0,0,0,0,0,0,0,0,0,0,0,0.11,0.14,0.14,0.12,0.1,0.08,0.07,0.08,0.1,0.11,0.11,0.12,0.13,0.13,0.14,0.16,0.17,0.19,0.22,0.24,0.27,0.31,0.36,0.41,0.47,0.54,0.61,0.68,0.76,0.84,0.93,1.04,1.17,1.35,1.58,1.85,2.15,2.45,2.73,2.97,3.15,3.28,3.4,3.56,3.83,4.26,4.85,5.56,6.27,6.83,7.05,6.75,5.88,4.51,2.9,1.4,0.38,0,0,0,0,0,0,0,0,0,0
69,Mouse_Abx_IMI_Day-1_cage5,mouse_Abx,5,IMI,-1,41,256,558,1.91,2.04,10/4/2022 11:17,0,0,0,0,0,0,0,0,0,0,0,0,0,0,0,0,0,0,0,0,0,0,0,0,0,0,0,0,0,0,0,0,0,0.07,0.12,0.15,0.16,0.13,0.1,0.08,0.08,0.09,0.1,0.12,0.12,0.13,0.14,0.14,0.16,0.17,0.19,0.21,0.24,0.27,0.3,0.34,0.39,0.45,0.52,0.59,0.67,0.75,0.84,0.93,1.03,1.16,1.33,1.55,1.81,2.11,2.42,2.71,2.96,3.15,3.29,3.41,3.57,3.86,4.33,4.99,5.79,6.6,7.2,7.38,6.95,5.87,4.25,2.46,0.94,0.1,0,0,0,0,0,0,0,0,0,0,0
70,Mouse_Abx_IMI_Day-1_cage5,mouse_Abx,5,IMI,-1,46.9,288,627,1.38,2.12,10/4/2022 11:18,0,0,0,0,0,0,0,0,0,0,0,0,0,0,0,0,0,0,0,0,0,0,0,0,0,0,0,0,0,0,0,0,0,0,0.1,0.14,0.14,0.12,0.1,0.08,0.07,0.08,0.09,0.1,0.11,0.12,0.12,0.13,0.14,0.15,0.17,0.19,0.21,0.24,0.27,0.3,0.35,0.4,0.46,0.53,0.6,0.68,0.75,0.83,0.92,1.03,1.18,1.37,1.6,1.88,2.18,2.47,2.73,2.94,3.09,3.21,3.35,3.57,3.94,4.5,5.22,6.03,6.77,7.25,7.29,6.73,5.58,4,2.31,0.92,0.14,0,0,0,0,0,0,0,0,0,0
71,Mouse_Abx_GOS_Day-4_cage1,mouse_Abx,1,GOS,-4,28.4,193,430,1.73,1.2,10/4/2022 11:20,0,0,0,0,0,0,0,0,0,0,0,0,0,0,0,0,0,0,0,0,0,0,0,0,0,0,0,0,0,0,0,0,0.07,0.18,0.28,0.33,0.32,0.27,0.2,0.15,0.14,0.15,0.18,0.2,0.21,0.22,0.23,0.24,0.25,0.26,0.27,0.28,0.3,0.33,0.36,0.41,0.46,0.53,0.61,0.68,0.76,0.85,0.94,1.04,1.18,1.36,1.58,1.85,2.15,2.48,2.81,3.12,3.41,3.67,3.95,4.3,4.75,5.31,5.95,6.57,7,7.05,6.58,5.54,4.06,2.42,1.01,0.18,0,0,0,0,0,0,0,0,0,0,0,0,0
72,Mouse_Abx_GOS_Day-4_cage1,mouse_Abx,1,GOS,-4,27.8,186,428,1.76,1.18,10/4/2022 11:20,0,0,0,0,0,0,0,0,0,0,0,0,0,0,0,0,0,0,0,0,0,0,0,0,0,0,0,0,0,0,0,0,0.07,0.18,0.27,0.33,0.32,0.26,0.2,0.15,0.14,0.15,0.17,0.2,0.21,0.22,0.23,0.24,0.25,0.26,0.27,0.29,0.31,0.34,0.37,0.42,0.48,0.55,0.63,0.71,0.78,0.87,0.96,1.07,1.22,1.42,1.67,1.97,2.32,2.68,3.03,3.35,3.61,3.83,4.05,4.3,4.66,5.15,5.73,6.32,6.73,6.8,6.36,5.37,3.95,2.37,1.01,0.19,0,0,0,0,0,0,0,0,0,0,0,0,0
73,Mouse_Abx_GOS_Day-4_cage1,mouse_Abx,1,GOS,-4,27.4,174,385,1.95,1.19,10/4/2022 11:21,0,0,0,0,0,0,0,0,0,0,0,0,0,0,0,0,0,0,0,0,0,0,0,0,0,0,0,0,0,0,0,0,0.07,0.17,0.27,0.33,0.32,0.26,0.19,0.14,0.13,0.14,0.16,0.19,0.21,0.22,0.23,0.24,0.25,0.26,0.27,0.29,0.31,0.34,0.38,0.43,0.49,0.57,0.65,0.73,0.81,0.9,1,1.12,1.27,1.47,1.71,1.99,2.32,2.67,3.03,3.39,3.76,4.13,4.53,5,5.52,6.08,6.6,6.95,6.98,6.54,5.6,4.22,2.64,1.2,0.28,0,0,0,0,0,0,0,0,0,0,0,0,0,0
74,Mouse_Abx_GOS_Day-4_cage1,mouse_Abx,1,GOS,-4,29.3,184,382,4.34,1.22,10/4/2022 11:21,0,0,0,0,0,0,0,0,0,0,0,0,0,0,0,0,0,0,0,0,0,0,0,0,0,0,0,0,0,0,0,0,0.06,0.16,0.26,0.31,0.3,0.25,0.19,0.14,0.12,0.13,0.16,0.18,0.2,0.21,0.22,0.23,0.24,0.25,0.26,0.27,0.3,0.33,0.37,0.42,0.48,0.55,0.62,0.7,0.77,0.85,0.94,1.05,1.2,1.41,1.68,1.99,2.34,2.7,3.04,3.33,3.58,3.82,4.12,4.56,5.17,5.96,6.81,7.52,7.8,7.43,6.28,4.49,2.47,0.8,0,0,0,0,0,0,0,0,0,0,0,0,0,0,0
75,Mouse_Abx_GOS_Day-4_cage1,mouse_Abx,1,GOS,-4,29.3,180,409,1.8,1.2,10/4/2022 11:22,0,0,0,0,0,0,0,0,0,0,0,0,0,0,0,0,0,0,0,0,0,0,0,0,0,0,0,0,0,0,0,0,0.06,0.16,0.26,0.31,0.3,0.25,0.18,0.14,0.12,0.13,0.15,0.17,0.19,0.21,0.22,0.22,0.23,0.24,0.26,0.27,0.29,0.32,0.36,0.41,0.47,0.55,0.63,0.71,0.79,0.87,0.96,1.06,1.2,1.39,1.63,1.94,2.31,2.7,3.1,3.47,3.8,4.08,4.35,4.65,5.03,5.51,6.05,6.56,6.85,6.76,6.15,5,3.47,1.88,0.62,0,0,0,0,0,0,0,0,0,0,0,0,0,0
76,Mouse_Abx_GOS_Day-2_cage1,mouse_Abx,1,GOS,-2,37,197,446,1.49,0.95,10/4/2022 11:23,0,0,0,0,0,0,0,0,0,0,0,0,0,0,0,0,0,0,0,0,0,0,0,0,0,0,0,0,0,0,0,0,0,0.09,0.16,0.2,0.2,0.17,0.12,0.09,0.07,0.08,0.1,0.12,0.13,0.14,0.14,0.15,0.16,0.17,0.18,0.2,0.22,0.25,0.29,0.33,0.4,0.47,0.56,0.66,0.76,0.87,0.98,1.11,1.27,1.46,1.69,1.97,2.29,2.63,2.97,3.28,3.56,3.81,4.05,4.33,4.69,5.16,5.73,6.3,6.75,6.9,6.6,5.77,4.47,2.92,1.45,0.41,0,0,0,0,0,0,0,0,0,0,0,0,0
77,Mouse_Abx_GOS_Day-2_cage1,mouse_Abx,1,GOS,-2,38.3,200,419,3.57,1.01,10/4/2022 11:24,0,0,0,0,0,0,0,0,0,0,0,0,0,0,0,0,0,0,0,0,0,0,0,0,0,0,0,0,0,0,0,0,0,0.08,0.14,0.18,0.19,0.16,0.12,0.09,0.08,0.08,0.1,0.11,0.13,0.13,0.14,0.14,0.15,0.16,0.17,0.19,0.21,0.23,0.27,0.33,0.39,0.47,0.56,0.65,0.74,0.84,0.95,1.07,1.23,1.43,1.68,1.99,2.33,2.68,3.02,3.3,3.52,3.7,3.91,4.21,4.68,5.35,6.17,7,7.6,7.69,7.09,5.76,3.9,1.98,0.56,0,0,0,0,0,0,0,0,0,0,0,0,0,0
78,Mouse_Abx_GOS_Day-2_cage1,mouse_Abx,1,GOS,-2,38.2,196,401,4.19,1.03,10/4/2022 11:24,0,0,0,0,0,0,0,0,0,0,0,0,0,0,0,0,0,0,0,0,0,0,0,0,0,0,0,0,0,0,0,0,0,0.08,0.14,0.18,0.18,0.16,0.12,0.09,0.08,0.09,0.1,0.12,0.13,0.13,0.14,0.14,0.15,0.16,0.17,0.19,0.21,0.24,0.27,0.32,0.39,0.46,0.55,0.64,0.74,0.84,0.95,1.08,1.25,1.46,1.72,2.02,2.36,2.69,3.01,3.28,3.51,3.73,3.99,4.38,4.95,5.72,6.59,7.39,7.87,7.76,6.9,5.31,3.29,1.39,0.21,0,0,0,0,0,0,0,0,0,0,0,0,0,0
79,Mouse_Abx_GOS_Day-2_cage1,mouse_Abx,1,GOS,-2,35.8,183,379,3.93,1,10/4/2022 11:25,0,0,0,0,0,0,0,0,0,0,0,0,0,0,0,0,0,0,0,0,0,0,0,0,0,0,0,0,0,0,0,0,0,0.09,0.16,0.2,0.2,0.17,0.13,0.1,0.08,0.09,0.11,0.12,0.14,0.14,0.15,0.15,0.16,0.17,0.18,0.2,0.22,0.25,0.29,0.34,0.41,0.49,0.57,0.67,0.78,0.89,1.03,1.18,1.38,1.61,1.89,2.21,2.54,2.86,3.15,3.41,3.64,3.89,4.22,4.69,5.34,6.13,6.94,7.57,7.76,7.3,6.11,4.34,2.37,0.77,0,0,0,0,0,0,0,0,0,0,0,0,0,0,0
80,Mouse_Abx_GOS_Day-2_cage1,mouse_Abx,1,GOS,-2,37.5,191,398,3.91,1.02,10/4/2022 11:25,0,0,0,0,0,0,0,0,0,0,0,0,0,0,0,0,0,0,0,0,0,0,0,0,0,0,0,0,0,0,0,0,0,0.08,0.14,0.18,0.19,0.16,0.13,0.1,0.08,0.09,0.1,0.12,0.13,0.14,0.14,0.15,0.15,0.16,0.17,0.19,0.21,0.24,0.28,0.33,0.39,0.46,0.55,0.64,0.74,0.85,0.97,1.12,1.29,1.52,1.79,2.1,2.44,2.79,3.1,3.37,3.6,3.81,4.06,4.44,4.99,5.71,6.53,7.28,7.71,7.56,6.68,5.12,3.16,1.34,0.22,0,0,0,0,0,0,0,0,0,0,0,0,0,0
81,Mouse_Abx_GOS_Day-1_cage2,mouse_Abx,2,GOS,-1,40.4,210,412,3.75,1.07,10/4/2022 11:27,0,0,0,0,0,0,0,0,0,0,0,0,0,0,0,0,0,0,0,0,0,0,0,0,0,0,0,0,0,0,0,0,0,0.07,0.13,0.16,0.17,0.15,0.11,0.09,0.08,0.09,0.11,0.12,0.13,0.13,0.14,0.14,0.15,0.16,0.17,0.19,0.21,0.23,0.27,0.31,0.36,0.43,0.5,0.59,0.68,0.77,0.88,1.02,1.19,1.39,1.64,1.92,2.21,2.49,2.74,2.96,3.15,3.36,3.66,4.14,4.84,5.75,6.78,7.72,8.3,8.25,7.38,5.75,3.66,1.65,0.35,0,0,0,0,0,0,0,0,0,0,0,0,0,0
82,Mouse_Abx_GOS_Day-1_cage2,mouse_Abx,2,GOS,-1,43.8,194,365,1.95,1.09,10/4/2022 11:27,0,0,0,0,0,0,0,0,0,0,0,0,0,0,0,0,0,0,0,0,0,0,0,0,0,0,0,0,0,0,0,0,0,0.05,0.09,0.12,0.13,0.12,0.09,0.07,0.07,0.07,0.08,0.09,0.1,0.11,0.11,0.11,0.12,0.13,0.14,0.15,0.17,0.2,0.23,0.27,0.32,0.38,0.45,0.53,0.62,0.73,0.86,1.02,1.22,1.47,1.75,2.06,2.37,2.66,2.91,3.15,3.41,3.75,4.25,4.98,5.94,7.06,8.11,8.79,8.78,7.84,6.03,3.74,1.62,0.32,0,0,0,0,0,0,0,0,0,0,0,0,0,0,0
83,Mouse_Abx_GOS_Day-1_cage2,mouse_Abx,2,GOS,-1,35.1,176,366,4.05,1.1,10/4/2022 11:28,0,0,0,0,0,0,0,0,0,0,0,0,0,0,0,0,0,0,0,0,0,0,0,0,0,0,0,0,0,0,0,0,0,0.07,0.13,0.18,0.19,0.17,0.13,0.11,0.1,0.11,0.13,0.14,0.15,0.15,0.16,0.16,0.17,0.18,0.2,0.22,0.24,0.27,0.3,0.35,0.41,0.48,0.57,0.66,0.77,0.89,1.04,1.21,1.41,1.66,1.94,2.25,2.58,2.9,3.2,3.48,3.76,4.08,4.48,5.01,5.69,6.44,7.15,7.62,7.6,6.93,5.58,3.76,1.9,0.53,0,0,0,0,0,0,0,0,0,0,0,0,0,0,0
84,Mouse_Abx_GOS_Day-1_cage2,mouse_Abx,2,GOS,-1,35.8,182,397,1.75,1.09,10/4/2022 11:28,0,0,0,0,0,0,0,0,0,0,0,0,0,0,0,0,0,0,0,0,0,0,0,0,0,0,0,0,0,0,0,0,0,0.07,0.13,0.17,0.18,0.16,0.13,0.11,0.1,0.11,0.13,0.14,0.15,0.15,0.16,0.16,0.17,0.18,0.2,0.22,0.24,0.26,0.3,0.34,0.4,0.47,0.55,0.65,0.76,0.88,1.01,1.17,1.36,1.58,1.85,2.15,2.47,2.8,3.13,3.44,3.74,4.04,4.38,4.79,5.3,5.9,6.5,6.97,7.15,6.85,6.02,4.69,3.07,1.53,0.43,0,0,0,0,0,0,0,0,0,0,0,0,0,0
85,Mouse_Abx_GOS_Day-1_cage2,mouse_Abx,2,GOS,-1,33.6,171,382,1.94,1.06,10/4/2022 11:29,0,0,0,0,0,0,0,0,0,0,0,0,0,0,0,0,0,0,0,0,0,0,0,0,0,0,0,0,0,0,0,0,0,0.08,0.14,0.19,0.2,0.17,0.14,0.11,0.11,0.12,0.13,0.15,0.16,0.16,0.17,0.17,0.18,0.19,0.21,0.23,0.25,0.28,0.32,0.36,0.43,0.5,0.59,0.69,0.81,0.94,1.08,1.26,1.47,1.71,2,2.32,2.67,3.01,3.33,3.63,3.91,4.19,4.51,4.9,5.39,5.95,6.49,6.89,6.96,6.55,5.59,4.17,2.54,1.09,0.21,0,0,0,0,0,0,0,0,0,0,0,0,0,0
86,Mouse_Abx_GOS_Day-2_cage3,mouse_Abx,3,GOS,-2,39.6,175,338,4.29,0.32,10/4/2022 11:30,0,0,0,0,0,0,0,0,0,0,0,0,0,0,0,0,0,0,0,0,0,0,0,0,0,0,0,0,0,0,0,0,0,0.08,0.14,0.16,0.16,0.13,0.1,0.08,0.07,0.08,0.09,0.08,0.07,0.07,0.07,0.08,0.09,0.1,0.11,0.12,0.13,0.14,0.17,0.22,0.3,0.41,0.53,0.67,0.82,0.97,1.12,1.3,1.49,1.72,1.98,2.25,2.53,2.81,3.09,3.38,3.74,4.21,4.86,5.68,6.64,7.6,8.32,8.53,7.99,6.63,4.64,2.47,0.76,0,0,0,0,0,0,0,0,0,0,0,0,0,0,0,0
87,Mouse_Abx_GOS_Day-2_cage3,mouse_Abx,3,GOS,-2,37,166,323,4.21,0.34,10/4/2022 11:31,0,0,0,0,0,0,0,0,0,0,0,0,0,0,0,0,0,0,0,0,0,0,0,0,0,0,0,0,0,0,0,0,0,0.09,0.15,0.18,0.17,0.14,0.1,0.08,0.08,0.09,0.1,0.09,0.08,0.07,0.07,0.08,0.1,0.11,0.13,0.14,0.15,0.16,0.2,0.25,0.34,0.45,0.58,0.72,0.87,1.03,1.21,1.4,1.62,1.87,2.14,2.43,2.72,3,3.27,3.56,3.92,4.4,5.06,5.9,6.85,7.73,8.3,8.29,7.5,5.93,3.86,1.82,0.42,0,0,0,0,0,0,0,0,0,0,0,0,0,0,0,0
88,Mouse_Abx_GOS_Day-2_cage3,mouse_Abx,3,GOS,-2,34,148,283,4.12,0.33,10/4/2022 11:31,0,0,0,0,0,0,0,0,0,0,0,0,0,0,0,0,0,0,0,0,0,0,0,0,0,0,0,0,0,0,0,0,0,0.1,0.16,0.19,0.19,0.15,0.12,0.09,0.09,0.1,0.11,0.1,0.09,0.08,0.07,0.08,0.1,0.12,0.14,0.15,0.16,0.18,0.21,0.27,0.36,0.47,0.62,0.79,0.98,1.18,1.39,1.62,1.86,2.1,2.35,2.59,2.84,3.1,3.42,3.85,4.44,5.21,6.15,7.17,8.06,8.59,8.48,7.57,5.89,3.76,1.72,0.38,0,0,0,0,0,0,0,0,0,0,0,0,0,0,0,0,0
89,Mouse_Abx_GOS_Day-2_cage3,mouse_Abx,3,GOS,-2,36.6,168,325,4.41,0.35,10/4/2022 11:32,0,0,0,0,0,0,0,0,0,0,0,0,0,0,0,0,0,0,0,0,0,0,0,0,0,0,0,0,0,0,0,0,0,0.09,0.15,0.18,0.18,0.15,0.11,0.09,0.08,0.09,0.1,0.1,0.09,0.08,0.08,0.09,0.1,0.11,0.12,0.14,0.15,0.17,0.2,0.26,0.34,0.44,0.57,0.72,0.87,1.04,1.22,1.43,1.67,1.93,2.21,2.49,2.74,2.96,3.17,3.39,3.7,4.17,4.85,5.76,6.79,7.77,8.43,8.46,7.68,6.08,3.95,1.85,0.42,0,0,0,0,0,0,0,0,0,0,0,0,0,0,0,0
90,Mouse_Abx_GOS_Day-2_cage3,mouse_Abx,3,GOS,-2,35.1,156,319,3.11,0.35,10/4/2022 11:32,0,0,0,0,0,0,0,0,0,0,0,0,0,0,0,0,0,0,0,0,0,0,0,0,0,0,0,0,0,0,0,0,0,0.1,0.16,0.19,0.19,0.15,0.11,0.09,0.09,0.1,0.1,0.1,0.09,0.08,0.08,0.08,0.1,0.11,0.13,0.14,0.15,0.17,0.21,0.27,0.35,0.47,0.61,0.77,0.94,1.12,1.31,1.51,1.73,1.98,2.25,2.54,2.85,3.16,3.49,3.83,4.23,4.72,5.32,6.03,6.78,7.43,7.78,7.62,6.83,5.42,3.6,1.8,0.5,0,0,0,0,0,0,0,0,0,0,0,0,0,0,0,0
91,Mouse_Abx_GOS_Day-2_cage2,mouse_Abx,2,GOS,-2,72,386,842,1.08,1.47,10/4/2022 11:34,0,0,0,0,0,0,0,0,0,0,0,0,0,0,0,0,0,0,0,0,0,0,0,0,0,0,0,0,0,0,0,0,0,0,0,0,0,0,0,0,0,0,0,0.07,0.07,0.07,0.08,0.08,0.08,0.09,0.1,0.11,0.12,0.14,0.15,0.18,0.21,0.25,0.3,0.35,0.41,0.47,0.54,0.61,0.7,0.79,0.91,1.06,1.23,1.43,1.65,1.88,2.1,2.3,2.47,2.63,2.8,3.02,3.32,3.75,4.31,4.99,5.72,6.41,6.94,7.17,7,6.39,5.39,4.11,2.75,1.53,0.63,0.13,0,0,0,0,0,0,0
92,Mouse_Abx_GOS_Day-2_cage2,mouse_Abx,2,GOS,-2,75.5,395,865,1.33,1.63,10/4/2022 11:34,0,0,0,0,0,0,0,0,0,0,0,0,0,0,0,0,0,0,0,0,0,0,0,0,0,0,0,0,0,0,0,0,0,0,0,0,0,0,0,0,0,0,0,0.06,0.07,0.07,0.07,0.07,0.08,0.08,0.09,0.1,0.11,0.13,0.14,0.17,0.2,0.23,0.28,0.33,0.39,0.45,0.52,0.59,0.67,0.76,0.87,1.01,1.17,1.37,1.59,1.83,2.07,2.31,2.52,2.72,2.9,3.11,3.36,3.7,4.15,4.72,5.38,6.06,6.66,7.05,7.09,6.67,5.8,4.55,3.11,1.74,0.7,0.13,0,0,0,0,0,0,0
93,Mouse_Abx_GOS_Day-2_cage2,mouse_Abx,2,GOS,-2,63.3,314,622,1.63,1.64,10/4/2022 11:35,0,0,0,0,0,0,0,0,0,0,0,0,0,0,0,0,0,0,0,0,0,0,0,0,0,0,0,0,0,0,0,0,0,0,0,0,0,0,0,0,0,0,0.06,0.07,0.08,0.08,0.09,0.09,0.09,0.1,0.11,0.12,0.13,0.15,0.17,0.2,0.24,0.28,0.34,0.4,0.47,0.54,0.61,0.69,0.79,0.91,1.07,1.27,1.51,1.78,2.07,2.34,2.57,2.74,2.88,3,3.19,3.51,4.03,4.79,5.73,6.74,7.63,8.15,8.1,7.34,5.91,4.04,2.14,0.69,0,0,0,0,0,0,0,0,0,0,0
94,Mouse_Abx_GOS_Day-2_cage2,mouse_Abx,2,GOS,-2,65.6,323,662,1.37,1.7,10/4/2022 11:35,0,0,0,0,0,0,0,0,0,0,0,0,0,0,0,0,0,0,0,0,0,0,0,0,0,0,0,0,0,0,0,0,0,0,0,0,0,0,0,0,0,0,0.06,0.07,0.08,0.08,0.08,0.09,0.09,0.09,0.1,0.11,0.12,0.14,0.16,0.19,0.22,0.27,0.32,0.38,0.44,0.51,0.58,0.67,0.76,0.88,1.03,1.22,1.45,1.71,1.99,2.26,2.5,2.7,2.87,3.02,3.21,3.5,3.94,4.57,5.36,6.25,7.07,7.65,7.8,7.36,6.32,4.78,3.04,1.47,0.41,0,0,0,0,0,0,0,0,0,0
95,Mouse_Abx_GOS_Day-2_cage2,mouse_Abx,2,GOS,-2,61.2,298,613,1.66,1.69,10/4/2022 11:36,0,0,0,0,0,0,0,0,0,0,0,0,0,0,0,0,0,0,0,0,0,0,0,0,0,0,0,0,0,0,0,0,0,0,0,0,0,0,0,0,0,0,0.07,0.08,0.08,0.09,0.09,0.09,0.1,0.1,0.11,0.12,0.13,0.15,0.17,0.2,0.24,0.29,0.35,0.41,0.48,0.55,0.63,0.72,0.83,0.96,1.13,1.33,1.58,1.85,2.15,2.43,2.69,2.9,3.08,3.25,3.46,3.79,4.27,4.94,5.76,6.62,7.37,7.79,7.68,6.93,5.55,3.78,1.99,0.63,0,0,0,0,0,0,0,0,0,0,0
